Symbol,Date,Open,High,Low,Close,Percent Change,Volume,Turn Over
ADBL,29/01/2026,304,304,297,300,-1.32%,"29,200.00","87,70,395.80"
ADBL,28/01/2026,301,305,298.9,304,-0.16%,"23,915.00","72,26,797.60"
ADBL,27/01/2026,306,312,303.2,304.5,-0.81%,"56,138.00","1,72,75,314.90"
ADBL,26/01/2026,309,310,305.7,307,-0.16%,"67,671.00","2,08,31,850.60"
ADBL,25/01/2026,307,309.9,302,307.5,1.15%,"46,807.00","1,42,82,934.50"
ADBL,22/01/2026,310,310,300.1,304,-0.94%,"28,495.00","86,35,838.00"
ADBL,21/01/2026,307,313,303.1,306.9,-0.32%,"34,955.00","1,07,05,633.10"
ADBL,20/01/2026,303,310.7,302,307.9,1.02%,"51,596.00","1,59,01,946.30"
ADBL,18/01/2026,303,304.8,299,304.8,1.60%,"88,350.00","2,67,62,909.10"
ADBL,14/01/2026,294.1,300,288.4,300,0.67%,"39,336.00","1,16,68,639.30"
ADBL,13/01/2026,300,302,296.3,298,-0.50%,"11,348.00","33,91,541.10"
ADBL,12/01/2026,300,302,298,299.5,-0.17%,"36,804.00","1,10,38,917.30"
ADBL,08/01/2026,294.3,303,294.3,300,0.10%,"39,057.00","1,16,91,238.40"
ADBL,07/01/2026,300,300,294,299.7,0.77%,"29,448.00","87,48,832.20"
ADBL,06/01/2026,297,297.4,292.6,297.4,1.50%,"43,501.00","1,28,57,015.30"
ADBL,05/01/2026,294.8,295,292.1,293,0.34%,"17,448.00","51,29,810.80"
ADBL,04/01/2026,290,295,288.3,292,-1.02%,"43,097.00","1,25,21,869.30"
ADBL,01/01/2026,295,296.5,290,295,-1.01%,"89,799.00","2,62,42,678.00"
ADBL,31/12/2025,294.4,298.5,292,298,1.22%,"51,018.00","1,51,00,726.30"
ADBL,29/12/2025,302.9,302.9,292,294.4,-0.88%,"31,487.00","92,95,774.00"
ADBL,28/12/2025,291,316.8,286,297,3.13%,"49,373.00","1,44,81,034.80"
ADBL,24/12/2025,286,290,285.2,288,0.38%,"20,792.00","59,48,636.70"
ADBL,23/12/2025,288,290,285.2,286.9,-0.66%,"23,575.00","67,46,825.50"
ADBL,22/12/2025,288,290,286,288.8,-0.35%,"20,208.00","58,01,029.30"
ADBL,21/12/2025,290,291,287.2,289.8,-0.75%,"27,646.00","79,69,548.30"
ADBL,18/12/2025,297,297,291,292,-0.68%,"11,848.00","34,63,805.30"
ADBL,17/12/2025,294.9,296,292,294,0.38%,"26,518.00","77,91,190.30"
ADBL,16/12/2025,292,292.9,288,292.9,1.21%,"14,912.00","43,41,221.60"
ADBL,15/12/2025,288,290,286.2,289.4,-0.21%,"24,328.00","70,06,418.90"
ADBL,14/12/2025,292,293,287.1,290,-0.68%,"27,744.00","80,08,254.70"
ADBL,11/12/2025,293,293,288,292,0.21%,"26,009.00","75,29,284.40"
ADBL,10/12/2025,297,297,290,291.4,-0.31%,"24,514.00","71,24,583.70"
ADBL,09/12/2025,298.9,298.9,292,292.3,-1.45%,"37,931.00","1,11,32,498.70"
ADBL,08/12/2025,302,302,295,296.6,-0.77%,"24,934.00","73,91,367.60"
ADBL,07/12/2025,304,304,295.5,298.9,0.23%,"22,681.00","67,35,304.10"
ADBL,03/12/2025,304,304,298.1,298.2,-0.93%,"23,796.00","71,33,576.80"
ADBL,02/12/2025,302.9,302.9,300,301,-0.95%,"40,658.00","1,22,22,393.70"
ADBL,01/12/2025,305,306,300.3,303.9,-1.01%,"56,148.00","1,69,81,122.60"
ADBL,30/11/2025,322.4,322.4,306,307,-3.63%,"67,768.00","2,09,56,928.80"
ADBL,27/11/2025,330,330,322.1,328.9,1.36%,"1,92,110.00","6,28,35,151.20"
ADBL,26/11/2025,325,325,321,324.5,1.41%,"63,588.00","2,05,76,015.00"
ADBL,25/11/2025,319,321,316.3,320,0.95%,"48,790.00","1,55,55,151.10"
ADBL,24/11/2025,317.9,318,312,317,0.32%,"33,678.00","1,06,82,338.50"
ADBL,23/11/2025,315,316,313.2,316,1.15%,"61,239.00","1,92,72,047.00"
ADBL,20/11/2025,312,313.9,312,312.4,-0.13%,"23,008.00","71,95,946.30"
ADBL,19/11/2025,315,315,312,312.8,-0.54%,"22,061.00","68,93,003.70"
ADBL,18/11/2025,314,316.9,311.6,314.5,0.26%,"24,019.00","75,33,338.60"
ADBL,17/11/2025,318.2,318.2,310.1,313.7,0.54%,"24,424.00","76,19,221.40"
ADBL,16/11/2025,313,314.5,310.1,312,0.00%,"22,740.00","70,86,510.60"
ADBL,13/11/2025,313,313.9,311.5,312,-0.32%,"39,923.00","1,24,69,171.30"
ADBL,12/11/2025,313,316.9,312,313,-0.25%,"19,975.00","62,42,919.60"
ADBL,11/11/2025,312,314,312,313.8,0.38%,"29,052.00","90,89,277.50"
ADBL,10/11/2025,315,315,312,312.6,-0.76%,"60,370.00","1,88,63,894.30"
ADBL,09/11/2025,318,318.8,312,315,-0.94%,"1,21,484.00","3,81,17,064.40"
ADBL,06/11/2025,317,320.8,316,318,0.95%,"2,23,177.00","7,10,60,057.80"
ADBL,05/11/2025,309.1,315,308,315,0.96%,"41,787.00","1,29,68,375.10"
ADBL,04/11/2025,322,322,309.1,312,-1.58%,"56,192.00","1,75,17,405.30"
ADBL,03/11/2025,320.3,320.3,312,317,0.63%,"26,537.00","83,47,086.80"
ADBL,02/11/2025,319.7,325.9,313,315,0.48%,"34,431.00","1,08,55,529.00"
ADBL,30/10/2025,316.6,319.9,310,313.5,0.48%,"28,033.00","87,79,259.10"
ADBL,29/10/2025,308.7,320,308.7,312,-0.95%,"27,920.00","87,46,121.80"
ADBL,28/10/2025,309,318,309,315,1.94%,"20,072.00","63,07,339.60"
ADBL,26/10/2025,310,310,305,309,-0.29%,"18,308.00","56,23,206.80"
ADBL,19/10/2025,307.9,311,305,309.9,0.32%,"14,571.00","44,76,640.70"
ADBL,16/10/2025,312,312,305.5,308.9,0.29%,"18,464.00","56,61,314.40"
ADBL,15/10/2025,308,308.5,306,308,-0.32%,"24,390.00","74,93,603.40"
ADBL,14/10/2025,310.5,313.9,307,309,-0.32%,"26,968.00","83,14,724.90"
ADBL,13/10/2025,307,311,306.2,310,0.75%,"18,227.00","56,19,864.70"
ADBL,12/10/2025,317,317,307,307.7,-2.93%,"73,570.00","2,27,45,799.30"
ADBL,09/10/2025,318,324,314,317,1.47%,"44,571.00","1,41,83,868.30"
ADBL,08/10/2025,315,315,310.5,312.4,-1.42%,"43,145.00","1,34,52,253.40"
ADBL,07/10/2025,320,322.9,315.8,316.9,-0.81%,"35,362.00","1,12,15,883.70"
ADBL,28/09/2025,317.3,321,315,319.5,0.69%,"26,821.00","85,32,207.90"
ADBL,25/09/2025,311,317.9,311,317.3,0.41%,"29,186.00","92,36,251.30"
ADBL,24/09/2025,321.5,321.5,312,316,-0.32%,"28,083.00","88,41,447.30"
ADBL,23/09/2025,317,321,312.2,317,0.00%,"61,925.00","1,96,28,069.40"
ADBL,21/09/2025,293,322,293,317.01,6.13%,"67,958.00","2,10,36,109.00"
ADBL,18/09/2025,310.9,310.9,293,298.7,-5.82%,"3,170.00","9,48,638.00"
ADBL,08/09/2025,320.3,321,317,317.16,-1.23%,"69,424.00","2,20,91,514.00"
ADBL,07/09/2025,327.8,327.8,320.6,321.11,-1.11%,"49,379.00","1,58,97,110.90"
ADBL,04/09/2025,324,325.4,322.2,324.71,0.19%,"32,179.00","1,04,17,268.60"
ADBL,03/09/2025,323.5,326.7,323.5,324.08,-0.44%,"29,206.00","94,82,167.10"
ADBL,02/09/2025,334,334,325,325.5,-0.60%,"25,961.00","84,87,008.40"
ADBL,01/09/2025,329.6,329.6,323.2,327.47,1.31%,"37,584.00","1,22,28,556.10"
ADBL,31/08/2025,331,331,322.5,323.22,-1.32%,"42,198.00","1,37,13,519.10"
ADBL,28/08/2025,327.1,332,326,327.55,-1.13%,"66,102.00","2,17,36,108.50"
ADBL,27/08/2025,332.8,332.8,326,331.31,1.54%,"45,857.00","1,51,06,965.60"
ADBL,26/08/2025,326,329,325.4,326.28,-0.06%,"27,429.00","89,51,746.50"
ADBL,25/08/2025,323,328,323,326.49,0.09%,"53,184.00","1,73,07,499.80"
ADBL,24/08/2025,330.9,330.9,326,326.2,-0.93%,"50,565.00","1,65,40,565.60"
ADBL,21/08/2025,333,334,328.6,329.26,-0.97%,"56,884.00","1,87,75,560.30"
ADBL,20/08/2025,336,338,332.1,332.5,-0.94%,"31,830.00","1,06,11,929.60"
ADBL,19/08/2025,338,339,335,335.67,-0.60%,"42,199.00","1,42,06,187.00"
ADBL,18/08/2025,337,338.8,334,337.68,0.90%,"81,072.00","2,73,03,826.80"
ADBL,17/08/2025,332.5,337,332,334.66,0.66%,"80,302.00","2,68,81,288.10"
ADBL,14/08/2025,331.1,333.9,330.3,332.45,0.60%,"86,636.00","2,87,76,378.50"
ADBL,13/08/2025,332,335,330,330.48,-0.15%,"77,384.00","2,56,88,106.50"
ADBL,12/08/2025,333,334.5,328,330.97,-1.04%,"1,23,924.00","4,10,07,028.90"
ADBL,11/08/2025,333.3,344.9,333,334.44,2.32%,"3,77,771.00","12,70,70,981.70"
ADBL,07/08/2025,334.3,334.3,325.1,326.85,-0.29%,"41,801.00","1,36,96,872.30"
ADBL,06/08/2025,331.8,331.8,322.5,327.8,0.74%,"47,800.00","1,56,10,082.00"
ADBL,05/08/2025,325.6,334,325,325.39,-0.77%,"52,835.00","1,73,23,759.50"
ADBL,04/08/2025,322,329,322,327.91,0.47%,"73,743.00","2,40,69,357.30"
ADBL,03/08/2025,328,329.9,323,326.37,-1.75%,"89,591.00","2,92,24,450.40"
ADBL,31/07/2025,334.8,336.6,327,332.18,0.03%,"1,28,639.00","4,27,77,783.90"
ADBL,30/07/2025,342,342,331.5,332.08,-0.98%,"1,09,653.00","3,67,88,785.70"
ADBL,29/07/2025,338.4,340.1,333.1,335.35,1.07%,"1,87,129.00","6,30,71,404.20"
ADBL,28/07/2025,330,333.5,324,331.79,-0.07%,"1,18,015.00","3,87,45,121.40"
ADBL,27/07/2025,329.9,339,329.9,332.03,-1.35%,"1,29,779.00","4,34,23,538.00"
ADBL,24/07/2025,338,341,335.1,336.59,-0.89%,"72,244.00","2,43,67,907.80"
ADBL,23/07/2025,340,342,334.2,339.6,0.01%,"1,21,584.00","4,11,82,967.20"
ADBL,22/07/2025,338,341.9,334,339.57,2.25%,"1,42,308.00","4,82,86,338.80"
ADBL,21/07/2025,331,335,325.4,332.11,0.57%,"1,04,403.00","3,45,10,759.50"
ADBL,20/07/2025,334.9,342,326,330.22,-0.42%,"2,26,513.00","7,60,62,087.30"
ADBL,17/07/2025,328,333.5,328,331.6,1.37%,"1,87,049.00","6,20,17,332.40"
ADBL,16/07/2025,329.9,330.1,324,327.13,1.06%,"1,42,187.00","4,66,21,305.00"
ADBL,15/07/2025,312.1,326,311.7,323.7,2.53%,"1,06,227.00","3,36,39,078.00"
ADBL,14/07/2025,329,329,314.2,315.71,-3.46%,"1,15,004.00","3,65,58,787.30"
ADBL,13/07/2025,320.9,333.5,320.9,327.02,3.91%,"2,15,092.00","7,01,09,382.30"
ADBL,10/07/2025,304.2,320,304.1,314.7,3.45%,"2,58,347.00","8,14,70,959.80"
ADBL,09/07/2025,301,307,295.1,304.2,2.40%,"1,22,851.00","3,70,52,937.60"
ADBL,08/07/2025,295.2,299,294,297.08,0.19%,"76,334.00","2,25,77,732.40"
ADBL,07/07/2025,297,303.5,296,296.51,-1.14%,"58,749.00","1,76,04,399.30"
ADBL,06/07/2025,300,306,297,299.94,-0.27%,"72,632.00","2,18,44,890.70"
ADBL,03/07/2025,303,305,297,300.74,0.03%,"1,23,907.00","3,71,82,630.50"
ADBL,02/07/2025,295,301.8,294,300.65,2.37%,"1,24,408.00","3,71,71,581.20"
ADBL,01/07/2025,281.6,296,281.6,293.7,2.23%,"65,159.00","1,89,65,466.80"
ADBL,30/06/2025,290,291,286,287.28,0.21%,"25,817.00","74,30,581.20"
ADBL,29/06/2025,285,287.4,280,286.67,1.71%,"37,928.00","1,07,72,527.80"
ADBL,26/06/2025,281.8,284,281.1,281.85,0.04%,"30,005.00","84,56,034.10"
ADBL,25/06/2025,286,286,281,281.73,0.09%,"17,868.00","50,36,748.60"
ADBL,24/06/2025,280.1,285.7,277,281.48,0.09%,"24,677.00","69,83,497.50"
ADBL,23/06/2025,278.5,282.4,278.5,281.24,0.06%,"28,893.00","81,05,916.60"
ADBL,22/06/2025,284,287,280.5,281.08,-1.09%,"37,857.00","1,06,78,944.00"
ADBL,19/06/2025,280,285,280,284.18,-0.47%,"19,789.00","56,20,534.70"
ADBL,18/06/2025,285,288,284,285.52,0.26%,"17,243.00","49,24,385.60"
ADBL,17/06/2025,286.2,287,283.1,284.77,-0.45%,"19,099.00","54,28,592.10"
ADBL,16/06/2025,289,289,284.5,286.05,0.63%,"25,471.00","72,75,801.70"
ADBL,15/06/2025,286.1,288,284,284.25,-0.68%,"35,850.00","1,02,07,666.60"
ADBL,12/06/2025,285,289.3,285,286.2,-0.66%,"28,838.00","82,50,613.90"
ADBL,11/06/2025,284.5,291,284.2,288.09,-0.08%,"13,387.00","38,57,620.90"
ADBL,10/06/2025,293,293,287.2,288.33,-0.04%,"25,016.00","72,30,860.20"
ADBL,09/06/2025,286,291,285,288.44,0.29%,"17,735.00","51,28,465.90"
ADBL,08/06/2025,288.5,290,285,287.6,-0.23%,"10,481.00","30,10,633.60"
ADBL,05/06/2025,290,291,283,288.25,-0.68%,"43,892.00","1,25,98,798.40"
ADBL,04/06/2025,285.7,291,285.7,290.21,-0.42%,"21,673.00","62,63,062.50"
ADBL,03/06/2025,295,298,291.1,291.42,-1.81%,"37,267.00","1,09,06,849.00"
ADBL,02/06/2025,305.5,306,294.6,296.78,-0.94%,"56,718.00","1,69,28,950.10"
ADBL,28/05/2025,293,300,291.8,299.6,1.75%,"49,484.00","1,46,93,755.40"
ADBL,27/05/2025,295,296,290,294.44,-0.88%,"37,980.00","1,11,43,808.20"
ADBL,26/05/2025,300.8,303,297,297.05,0.70%,"56,707.00","1,69,46,564.20"
ADBL,25/05/2025,300,300,294.1,294.98,-0.59%,"29,709.00","88,16,051.40"
ADBL,22/05/2025,290,303,284,296.73,2.57%,"59,233.00","1,75,31,706.80"
ADBL,21/05/2025,295.1,305,288.1,289.29,-0.04%,"57,459.00","1,69,41,172.50"
ADBL,20/05/2025,282,290.7,280,289.4,2.34%,"29,990.00","85,86,259.20"
ADBL,19/05/2025,280.1,284.9,280.1,282.78,0.86%,"21,693.00","61,34,099.50"
ADBL,18/05/2025,281.5,283.5,278,280.36,-0.27%,"26,842.00","75,10,458.40"
ADBL,15/05/2025,280,282,278.2,281.11,0.01%,"26,415.00","74,12,963.80"
ADBL,14/05/2025,280.1,285,280,281.08,-0.35%,"18,859.00","53,00,226.60"
ADBL,13/05/2025,286.79,286.79,280.9,282.06,-0.78%,"21,636.00","61,19,318.96"
ADBL,11/05/2025,292,292,284,284.27,-1.01%,"21,211.00","60,46,435.50"
ADBL,08/05/2025,292,292,283,287.17,0.29%,"22,151.00","63,85,490.40"
ADBL,07/05/2025,272.3,287,272.3,286.33,3.06%,"29,812.00","84,23,092.20"
ADBL,06/05/2025,279,281,277.5,277.83,-0.83%,"24,515.00","68,22,398.10"
ADBL,05/05/2025,280,281.5,279,280.16,0.02%,"14,774.00","41,39,184.20"
ADBL,04/05/2025,285,285,279,280.11,-0.19%,"19,617.00","55,07,240.80"
ADBL,30/04/2025,280,281.9,279,280.63,-0.16%,"25,703.00","72,11,538.10"
ADBL,29/04/2025,280,283,280,281.09,-0.34%,"16,939.00","47,68,573.80"
ADBL,28/04/2025,280.4,282.8,280,282.06,0.28%,"22,512.00","63,42,921.20"
ADBL,27/04/2025,285,285.9,280.3,281.27,-0.77%,"26,308.00","74,12,711.00"
ADBL,24/04/2025,282.1,284.8,280.5,283.45,0.19%,"20,455.00","57,66,008.10"
ADBL,23/04/2025,286,287,282.1,282.91,-1.08%,"21,640.00","61,42,098.40"
ADBL,22/04/2025,291,291,285.1,285.99,-0.55%,"20,167.00","57,67,480.30"
ADBL,21/04/2025,293,293,287,287.56,-1.15%,"23,794.00","68,67,513.30"
ADBL,20/04/2025,296,297,288.2,290.92,-0.36%,"37,196.00","1,08,09,294.50"
ADBL,17/04/2025,295,295,289.5,291.96,0.69%,"26,221.00","76,51,074.80"
ADBL,16/04/2025,294,294,289,289.97,0.53%,"23,865.00","69,52,798.40"
ADBL,15/04/2025,292,292.9,286.2,288.45,0.09%,"21,484.00","62,36,362.30"
ADBL,13/04/2025,290,290,285,288.18,0.11%,"24,409.00","70,24,076.90"
ADBL,10/04/2025,291,293,287.1,287.85,-0.87%,"19,731.00","56,87,713.30"
ADBL,09/04/2025,296.9,300,289.9,290.37,-0.25%,"23,950.00","69,79,137.60"
ADBL,08/04/2025,290,293,285,291.09,-0.22%,"33,174.00","95,30,833.20"
ADBL,07/04/2025,305,305,291.1,291.72,-2.48%,"20,209.00","59,20,361.00"
ADBL,03/04/2025,295,303.9,295,299.13,1.32%,"79,398.00","2,38,49,007.60"
ADBL,02/04/2025,288,313,285.2,295.23,2.16%,"41,118.00","1,19,95,502.90"
ADBL,01/04/2025,290,290,285,288.99,0.59%,"16,186.00","46,53,391.80"
ADBL,30/03/2025,285,290,285,287.3,0.67%,"28,128.00","81,02,372.40"
ADBL,27/03/2025,287.8,287.8,283.7,285.38,1.14%,"21,529.00","61,29,493.50"
ADBL,26/03/2025,280,283,278.5,282.17,0.57%,"18,208.00","51,19,018.80"
ADBL,25/03/2025,289.5,290,280,280.58,-1.85%,"33,659.00","94,87,318.20"
ADBL,24/03/2025,282.9,287.9,280,285.87,1.24%,"15,084.00","42,79,533.90"
ADBL,23/03/2025,290,290,282,282.36,-1.16%,"55,957.00","1,58,52,138.40"
ADBL,20/03/2025,284,288,283,285.66,-0.15%,"16,174.00","46,18,907.00"
ADBL,19/03/2025,291,291,286,286.1,-1.21%,"21,954.00","63,17,880.10"
ADBL,18/03/2025,295.8,295.8,289,289.6,-0.14%,"19,349.00","56,21,101.90"
ADBL,17/03/2025,290,291.8,289,290,0.00%,"20,075.00","58,22,417.90"
ADBL,16/03/2025,293,293,289,290,-1.02%,"35,376.00","1,02,76,644.40"
ADBL,12/03/2025,289.1,294.9,289.1,293,0.34%,"24,116.00","70,25,526.50"
ADBL,11/03/2025,299.8,299.8,291,292,-0.75%,"26,267.00","77,09,102.50"
ADBL,10/03/2025,297,300,294.2,294.2,-0.94%,"30,724.00","90,95,409.50"
ADBL,09/03/2025,300,305,296,297,-1.33%,"24,088.00","71,73,557.20"
ADBL,06/03/2025,301.5,305,300.2,301,-0.17%,"29,555.00","89,10,185.30"
ADBL,05/03/2025,301.1,306,300.2,301.5,-0.92%,"55,112.00","1,67,22,408.40"
ADBL,04/03/2025,302.9,310.9,302.9,304.3,-1.52%,"74,386.00","2,28,17,879.80"
ADBL,03/03/2025,314,315,306.5,309,0.00%,"77,760.00","2,42,04,318.00"
ADBL,02/03/2025,305,311,300,309,1.98%,"1,40,917.00","4,33,84,695.30"
ADBL,27/02/2025,298.9,310,297,303,3.38%,"72,598.00","2,19,75,153.20"
ADBL,25/02/2025,295.5,297.8,292,293.1,-0.27%,"36,537.00","1,07,56,621.50"
ADBL,24/02/2025,292,299,292,293.9,-0.03%,"31,364.00","92,43,592.20"
ADBL,23/02/2025,290.1,299,285,294,-0.68%,"54,840.00","1,61,02,961.80"
ADBL,20/02/2025,300,300,295,296,-1.33%,"41,190.00","1,22,08,324.30"
ADBL,18/02/2025,298,301.9,296,300,1.69%,"61,491.00","1,84,37,745.50"
ADBL,17/02/2025,292,300.9,289.5,295,1.24%,"70,893.00","2,08,76,768.90"
ADBL,16/02/2025,293,295,289.3,291.4,-0.58%,"30,069.00","87,40,886.80"
ADBL,13/02/2025,295.3,295.3,290.1,293.1,0.55%,"21,247.00","62,06,659.80"
ADBL,12/02/2025,291,295,290.6,291.5,-0.10%,"24,571.00","71,68,466.70"
ADBL,11/02/2025,295,295,290.1,291.8,-1.08%,"13,397.00","39,10,760.50"
ADBL,10/02/2025,293.5,296,293.1,295,0.00%,"16,601.00","48,74,477.00"
ADBL,09/02/2025,298,301,293.2,295,-1.01%,"22,682.00","67,12,938.70"
ADBL,06/02/2025,297,302,296.7,298,0.27%,"39,334.00","1,17,56,797.00"
ADBL,05/02/2025,296,299,295,297.2,0.07%,"27,079.00","80,45,263.80"
ADBL,04/02/2025,300,304.9,297,297,-0.67%,"51,668.00","1,55,63,801.00"
ADBL,03/02/2025,296,303.9,296,299,1.39%,"49,607.00","1,48,74,076.60"
ADBL,02/02/2025,288,295,286,294.9,3.11%,"53,452.00","1,55,97,732.30"
ADBL,28/01/2025,285,287,281.1,286,0.88%,"27,911.00","79,54,617.20"
ADBL,27/01/2025,287,287,283,283.5,-1.43%,"23,094.00","65,72,040.20"
ADBL,26/01/2025,290,292.7,283.3,287.6,-0.48%,"43,687.00","1,25,71,731.80"
ADBL,23/01/2025,287.5,290,285,289,1.76%,"40,746.00","1,17,68,404.10"
ADBL,22/01/2025,281,284.9,280.5,284,1.07%,"36,936.00","1,04,29,877.60"
ADBL,21/01/2025,285,285,280,281,-1.40%,"29,055.00","81,84,569.90"
ADBL,20/01/2025,288.1,289.8,284,285,-0.52%,"19,577.00","55,93,474.50"
ADBL,19/01/2025,280,287,275.1,286.5,0.95%,"41,611.00","1,17,06,566.70"
ADBL,16/01/2025,285,286,280,283.8,-0.60%,"46,231.00","1,30,46,285.40"
ADBL,15/01/2025,293,293,285,285.5,-2.86%,"47,411.00","1,35,98,084.00"
ADBL,13/01/2025,297,297,290.5,293.9,-0.81%,"38,612.00","1,12,84,248.10"
ADBL,12/01/2025,305.5,305.5,296.3,296.3,-1.92%,"23,901.00","71,16,068.10"
ADBL,09/01/2025,302,303.9,299.5,302.1,0.00%,"47,238.00","1,41,99,169.10"
ADBL,08/01/2025,309,309,300,302.1,-0.30%,"27,123.00","82,16,170.60"
ADBL,07/01/2025,299,304.9,299,303,-0.66%,"23,953.00","72,54,800.90"
ADBL,06/01/2025,301,305,300,305,0.99%,"33,107.00","1,00,04,250.90"
ADBL,05/01/2025,310,310,300.1,302,-1.31%,"31,591.00","95,48,285.40"
ADBL,02/01/2025,307,308,304,306,-0.36%,"28,790.00","87,95,851.90"
ADBL,01/01/2025,314,315,307,307.1,-2.20%,"33,089.00","1,02,42,782.00"
SYPNL,29/01/2026,2174.6,2210,1940,1940,-9.01%,"2,54,144.00","52,29,54,989.00"
SYPNL,28/01/2026,2055.3,2159.9,2022.7,2132,5.81%,"2,37,756.00","49,88,04,873.30"
SYPNL,27/01/2026,2110,2255.9,1881,2015,-2.64%,"2,74,221.00","57,68,38,791.90"
SYPNL,26/01/2026,1919.1,2069.6,1881.5,2069.6,10.00%,"2,51,200.00","50,17,08,813.60"
SYPNL,25/01/2026,1744.7,1881.5,1744.7,1881.5,10.00%,"1,28,089.00","23,73,96,362.70"
SYPNL,22/01/2026,1550,1710.5,1540,1710.5,10.00%,"2,02,436.00","32,95,78,570.70"
SYPNL,21/01/2026,1565,1588,1525,1555,-0.32%,"1,51,540.00","23,54,28,594.70"
SYPNL,20/01/2026,1509.5,1588,1509.5,1560,5.41%,"1,72,385.00","26,87,28,600.70"
SYPNL,18/01/2026,1385,1500,1370,1480,6.86%,"2,58,416.00","37,39,62,149.60"
SYPNL,14/01/2026,1410.1,1439.9,1365,1385,-1.78%,"1,57,437.00","22,01,85,276.10"
SYPNL,13/01/2026,1411.4,1502,1377.9,1410.1,1.90%,"2,42,010.00","34,81,54,526.10"
SYPNL,12/01/2026,1232.9,1383.8,1209,1383.8,10.00%,"3,18,411.00","42,22,48,843.70"
SYPNL,08/01/2026,1190,1295,1169,1258,5.71%,"1,61,155.00","20,06,32,769.50"
SYPNL,07/01/2026,1326,1326,1190,1190.1,-8.45%,"2,17,502.00","26,94,97,282.70"
SYPNL,06/01/2026,1257.7,1356.4,1255,1300,5.43%,"1,88,305.00","24,88,36,986.70"
SYPNL,05/01/2026,1098.6,1233.1,1098.6,1233.1,10.00%,"1,46,092.00","17,51,40,756.10"
SYPNL,04/01/2026,1034.9,1144,995,1121,6.16%,"2,90,504.00","30,65,85,076.90"
SYPNL,01/01/2026,987,1064.8,973,1056,9.09%,"2,26,280.00","23,41,11,465.50"
SYPNL,31/12/2025,870,968,870,968,10.00%,"96,982.00","9,23,54,539.90"
SYPNL,29/12/2025,800,880,800,880,10.00%,"2,71,908.00","23,02,41,936.90"
SYPNL,28/12/2025,798.7,805,781.7,800,-1.84%,"2,38,510.00","18,92,60,777.90"
SYPNL,24/12/2025,806,840,791.1,815,1.12%,"1,79,261.00","14,49,35,383.20"
SYPNL,23/12/2025,768.2,816,766,806,7.01%,"3,91,371.00","30,98,17,308.50"
SYPNL,22/12/2025,676.7,753.2,676.7,753.2,9.99%,"64,350.00","4,84,65,144.00"
SYPNL,21/12/2025,635,684.8,635,684.8,9.99%,"1,840.00","12,58,313.00"
SYPNL,18/12/2025,577.2,622.6,577.2,622.6,10.00%,"1,070.00","6,64,611.00"
SYPNL,17/12/2025,524.8,566,524.8,566,9.99%,640,"3,60,815.00"
SYPNL,16/12/2025,461.8,514.6,461.8,514.6,9.98%,560,"2,86,427.00"
SYPNL,15/12/2025,433.9,467.9,433.9,467.9,9.99%,460,"2,14,398.00"
SYPNL,14/12/2025,379.5,425.4,379.5,425.4,9.98%,500,"2,10,646.00"
SYPNL,11/12/2025,358.7,386.8,358.7,386.8,9.98%,320,"1,22,242.00"
SYPNL,10/12/2025,319.8,351.7,319.8,351.7,0.00%,300,"1,02,647.00"
UNL,29/01/2026,46214,47000,46214,47000,-0.32%,30,"13,97,140.00"
UNL,28/01/2026,47000,47150,47000,47150,-1.15%,32,"15,08,380.00"
UNL,27/01/2026,47700,47700,47700,47700,1.71%,10,"4,77,000.00"
UNL,26/01/2026,47500,47500,46900.1,46900.2,-1.26%,135,"63,48,460.20"
UNL,25/01/2026,47500,47501,47500,47500,1.02%,76,"36,10,299.00"
UNL,22/01/2026,47090,47091,46801,47020,-0.15%,38,"17,81,469.20"
UNL,21/01/2026,46505.2,47090,46505.2,47090,1.71%,55,"25,78,752.90"
UNL,20/01/2026,47100,47100,46300.5,46300.5,-1.49%,23,"10,72,906.50"
UNL,18/01/2026,47000,47000,46750,47000,-0.21%,50,"23,47,500.00"
UNL,14/01/2026,47100,47100,46500.1,47100,0.00%,22,"10,32,043.00"
UNL,13/01/2026,47532,47532,47100,47100,1.07%,25,"11,83,980.00"
UNL,12/01/2026,47200,47200,46600.1,46600.1,-0.43%,47,"22,07,433.30"
UNL,08/01/2026,47000,47000,46800.1,46800.1,-0.43%,72,"33,76,303.10"
UNL,07/01/2026,47000,47000,47000,47000,-0.63%,10,"4,70,000.00"
UNL,06/01/2026,47400,47400,47000,47300,0.64%,50,"23,59,000.00"
UNL,04/01/2026,47505,47505,47000,47000.1,0.00%,90,"42,35,051.00"
UNL,01/01/2026,47199,47199,47000,47000,-0.42%,66,"31,03,990.00"
UNL,31/12/2025,47400,47500,47000,47199,1.39%,80,"37,83,980.00"
UNL,29/12/2025,46500.1,46552,46500.1,46552,-0.95%,20,"9,30,521.00"
UNL,28/12/2025,46800,47100,46800,47000,-0.42%,50,"23,49,000.00"
UNL,24/12/2025,47100,47200,47100,47200,0.44%,30,"14,14,000.00"
UNL,23/12/2025,46995,46995,46995,46995,-0.01%,10,"4,69,950.00"
UNL,22/12/2025,47190,47190,46998.2,46998.2,-0.41%,40,"18,81,882.00"
UNL,18/12/2025,46500,47190,46500,47190,0.40%,80,"37,32,900.00"
UNL,17/12/2025,47000,47000,47000,47000,0.00%,11,"5,17,939.00"
UNL,16/12/2025,47000,47000,46995,47000,0.21%,60,"28,19,950.00"
UNL,15/12/2025,46900,46950,46900,46900,0.68%,40,"18,77,000.00"
UNL,14/12/2025,47000,47195,46583,46583,-1.99%,75,"35,28,495.00"
UNL,11/12/2025,47530,47530,47530,47530,2.00%,12,"5,68,458.80"
UNL,10/12/2025,47000,47000,46600,46600,-0.85%,20,"9,36,000.00"
UNL,09/12/2025,47000,47000,47000,47000,0.00%,2,"92,128.20"
UNL,08/12/2025,47420,47420,47000,47000,1.08%,27,"12,69,701.40"
UNL,07/12/2025,46500,46500,46500,46500,0.53%,10,"4,65,000.00"
UNL,03/12/2025,47200,47200,46256,46256,-2.00%,51,"23,92,448.00"
UNL,02/12/2025,47000,47200,47000,47200,-0.42%,40,"18,84,000.00"
UNL,01/12/2025,47000,47400,47000,47400,1.50%,50,"23,65,950.00"
UNL,27/11/2025,46900,46900,46600,46700,-1.37%,45,"21,02,255.50"
UNL,25/11/2025,47400,47400,47350,47350,1.61%,30,"14,21,000.00"
UNL,24/11/2025,47000,47000,46600,46600,0.22%,20,"9,36,000.00"
UNL,23/11/2025,46500,46500,46500,46500,-0.75%,10,"4,65,000.00"
UNL,20/11/2025,47150,47150,46801,46850,-0.93%,40,"18,78,010.00"
UNL,19/11/2025,47290,47290,47290,47290,0.64%,13,"6,14,770.00"
UNL,18/11/2025,47000,47000,46800,46990,-0.02%,70,"32,81,790.00"
UNL,17/11/2025,47000,47000,47000,47000,1.31%,10,"4,70,000.00"
UNL,16/11/2025,45570.1,46390,45200,46390,-0.24%,100,"45,79,163.00"
UNL,13/11/2025,46500,46500,46500,46500,-1.06%,10,"4,65,000.00"
UNL,11/11/2025,47000,47000,47000,47000,0.00%,20,"9,40,000.00"
UNL,10/11/2025,47000,47000,47000,47000,-0.95%,10,"4,70,000.00"
UNL,09/11/2025,47450,47450,47450,47450,0.94%,10,"4,74,500.00"
UNL,06/11/2025,47000,47010,47000,47010,-1.45%,30,"14,10,100.00"
UNL,05/11/2025,47700,47700,47700,47700,0.00%,10,"4,77,000.00"
UNL,04/11/2025,47500,47700,47500,47700,0.42%,24,"11,42,800.00"
UNL,03/11/2025,47500,47500,47500,47500,-1.04%,10,"4,75,000.00"
UNL,02/11/2025,48000,48000,48000,48000,1.05%,10,"4,80,000.00"
UNL,29/10/2025,47500,47500,47500,47500,1.06%,20,"9,50,000.00"
UNL,28/10/2025,47922,48000,47000,47001,-3.88%,100,"47,46,490.00"
UNL,26/10/2025,48080.8,49000,48000,48900,1.70%,234,"1,13,68,327.40"
UNL,19/10/2025,49000,49062,48080.8,48080.8,-0.04%,30,"14,61,428.00"
UNL,16/10/2025,48250,48300,48000,48100,-1.43%,95,"45,77,000.00"
UNL,15/10/2025,48200,48800,48200,48800,1.62%,30,"14,55,000.00"
UNL,14/10/2025,49200,49200,48021,48021,-1.19%,96,"46,74,546.00"
UNL,13/10/2025,48400,48705,48400,48600,0.00%,150,"72,87,050.00"
UNL,12/10/2025,49000,49000,48600,48600,0.21%,50,"24,43,000.00"
UNL,09/10/2025,49113,49113,48500,48500,0.73%,30,"14,61,130.00"
UNL,08/10/2025,48300,48999,48150,48150,-0.31%,145,"70,43,489.00"
UNL,07/10/2025,48025.6,48600,48024.2,48300,-1.43%,100,"48,34,253.00"
UNL,28/09/2025,49698,49698,49000,49000,0.53%,30,"14,76,980.00"
UNL,25/09/2025,49737,49737,48743,48743,-2.00%,124,"60,56,075.30"
UNL,24/09/2025,48745,49738.9,48745,49737,4.07%,140,"69,26,406.00"
UNL,23/09/2025,47500,47790,47500,47790,-0.02%,20,"9,52,900.00"
UNL,21/09/2025,46700,47800,46500,47800,1.61%,100,"47,03,980.00"
UNL,18/09/2025,47043.1,47043.1,47043.1,47043.1,-2.00%,10,"4,70,431.00"
UNL,08/09/2025,48000,48003.1,48000,48003.1,0.01%,23,"11,04,843.20"
UNL,07/09/2025,48499.8,48499.8,48000,48000,0.42%,60,"28,84,998.00"
UNL,04/09/2025,47801,47801,47801,47801,0.00%,5,"2,41,818.00"
UNL,03/09/2025,47805,47805,47801,47801,0.21%,50,"23,90,120.00"
UNL,02/09/2025,47600,48000,47500,47700,-0.63%,80,"38,11,000.00"
UNL,01/09/2025,48000,48000,48000,48000,0.00%,21,"10,08,920.00"
UNL,31/08/2025,47111,48000,47101,48000,0.04%,40,"19,02,120.00"
UNL,28/08/2025,47980.8,47980.8,47980.8,47980.8,-2.00%,10,"4,79,808.00"
UNL,27/08/2025,47999,48960,47999,48960,3.07%,50,"24,09,590.00"
UNL,26/08/2025,47500,47500,47500,47500,0.00%,20,"9,50,000.00"
UNL,25/08/2025,47200,47500,47200,47500,0.64%,30,"14,22,000.00"
UNL,21/08/2025,47200,47200,47200,47200,-0.63%,10,"4,72,000.00"
UNL,20/08/2025,47500,47500,47500,47500,0.00%,1,"47,001.00"
UNL,19/08/2025,47500,47500,47500,47500,-0.76%,10,"4,75,000.00"
UNL,17/08/2025,48800,48840,47864,47864,-0.08%,30,"14,55,040.00"
UNL,14/08/2025,47100,47900,47100,47900,1.91%,90,"42,82,600.00"
UNL,13/08/2025,47000,47000,46101,47000,0.00%,50,"23,25,031.00"
UNL,12/08/2025,46970,47900,46970,47000,2.06%,50,"23,58,110.00"
UNL,11/08/2025,46600,46600,46050,46050,-1.40%,80,"37,00,610.00"
UNL,07/08/2025,47500,47600,46650,46705,0.01%,111,"52,21,111.00"
UNL,06/08/2025,47050,47500,46105.1,46700,-2.71%,292,"1,36,81,223.90"
UNL,05/08/2025,47900.5,48000,47900,48000,0.21%,21,"10,07,500.00"
UNL,04/08/2025,48450,48450,47602,47900.5,-1.13%,46,"22,12,534.00"
UNL,31/07/2025,48265,48450,47500,48450,-1.62%,50,"24,02,150.00"
UNL,30/07/2025,49250,49250,49250,49250,0.51%,10,"4,92,500.00"
UNL,29/07/2025,49731,50724,49000,49000.5,0.50%,70,"34,77,106.00"
UNL,28/07/2025,48755.9,48756,48755.9,48755.96,2.00%,38,"18,45,295.10"
UNL,27/07/2025,47500,48450,47500,47800,-0.83%,60,"28,75,490.00"
UNL,24/07/2025,47926,48200,47926,48200,-1.43%,20,"9,61,260.00"
UNL,23/07/2025,47430.1,48900,47430.1,48900,3.10%,146,"70,98,167.00"
UNL,22/07/2025,46980,47430.1,46500,47430.1,2.00%,60,"28,18,402.00"
UNL,21/07/2025,46666.6,46666.6,46500.1,46500.1,-0.43%,70,"32,59,824.00"
UNL,20/07/2025,46900,46900,46700,46700,-0.43%,50,"23,41,000.00"
UNL,17/07/2025,47150,47150,46900,46900,1.21%,40,"18,80,500.00"
UNL,16/07/2025,46300,46887,46300,46340,2.04%,40,"18,58,270.00"
UNL,15/07/2025,46000,46308,45201,45415.55,-1.27%,217,"98,67,561.70"
UNL,14/07/2025,46014,46014,46000,46000,0.00%,50,"23,00,410.00"
UNL,13/07/2025,46920,46950,46001,46001,0.00%,110,"50,92,492.00"
UNL,10/07/2025,46010,46010,46000,46000,-1.89%,50,"23,00,130.00"
UNL,09/07/2025,46888,46888,46888,46888,1.27%,10,"4,68,880.00"
UNL,08/07/2025,46300,46300,46299,46299,0.63%,20,"9,25,990.00"
UNL,07/07/2025,46010,46010,46010,46010,0.03%,10,"4,60,100.00"
UNL,06/07/2025,46050,46050,45990,45994.33,-1.51%,56,"25,76,330.00"
UNL,02/07/2025,46790,46790,46001,46700,1.52%,30,"13,94,910.00"
UNL,01/07/2025,46060,46060,45500,46000,-2.13%,90,"41,26,400.00"
UNL,30/06/2025,46155,47000,45450,47000,3.87%,60,"27,58,650.00"
UNL,29/06/2025,45950.3,45950.3,45032,45250,-3.49%,50,"22,81,152.00"
UNL,26/06/2025,45800,47120,45800,46888,1.93%,70,"32,46,080.00"
UNL,25/06/2025,46000,46000,45790,46000,-1.53%,44,"20,21,900.00"
UNL,24/06/2025,45013,46716,45013,46716,2.44%,30,"13,75,290.00"
UNL,23/06/2025,47100,47100,45000,45601.3,-1.30%,"1,108.00","5,01,84,164.00"
UNL,22/06/2025,47100,47100,45700,46200,0.03%,390,"1,79,89,980.00"
UNL,19/06/2025,47043.4,47900,45990,46188,0.15%,440,"2,04,08,354.00"
UNL,18/06/2025,47043,47043,46121,46121,0.00%,66,"30,57,616.00"
UNL,17/06/2025,46100.2,47031,46100.2,46121.27,-0.67%,227,"1,04,64,785.60"
UNL,16/06/2025,46002.1,46920,46002.1,46431.15,-0.79%,140,"64,71,112.90"
UNL,12/06/2025,46065,46800,46063,46800,-0.42%,60,"27,79,910.00"
UNL,11/06/2025,45285.4,46998,45285.1,46998,1.73%,190,"87,20,848.00"
UNL,10/06/2025,46455,46455,46200,46200,-0.55%,85,"39,39,100.00"
UNL,09/06/2025,46455.1,46455.1,46455.1,46455.1,-1.99%,10,"4,64,551.00"
UNL,08/06/2025,47398,47398,47398,47398,1.93%,10,"4,73,980.00"
UNL,05/06/2025,46923,46923,46500,46500,-0.90%,40,"18,68,460.00"
UNL,04/06/2025,46201,46923,46003,46923,0.91%,60,"27,73,360.00"
UNL,03/06/2025,46500,46500,46500,46500,-0.49%,20,"9,30,000.00"
UNL,02/06/2025,48572,48572,46730,46730,-1.87%,40,"18,96,340.00"
UNL,28/05/2025,47620,47620,47620,47620,2.00%,10,"4,76,200.00"
UNL,27/05/2025,47637,47637,46687,46687,-0.04%,70,"32,77,910.00"
UNL,26/05/2025,47648,47648,46705,46706,-0.02%,40,"18,77,660.00"
UNL,25/05/2025,46717,46717,46714,46714,0.03%,30,"14,01,470.00"
UNL,22/05/2025,48450,48450,46700,46700.25,-2.91%,60,"28,27,330.00"
UNL,21/05/2025,47434,48098,47434,48098,3.43%,70,"33,46,960.00"
UNL,19/05/2025,47230,47980,46505,46505,0.43%,66,"31,03,530.00"
UNL,18/05/2025,47225,47225,46305,46305,0.01%,30,"14,00,300.00"
UNL,15/05/2025,46300,46300,46300,46300,0.11%,37,"17,13,100.00"
UNL,13/05/2025,46400,46400,46050,46250,-0.32%,50,"23,10,000.00"
UNL,11/05/2025,46500,46900,46400,46400,-1.07%,60,"27,91,000.00"
UNL,08/05/2025,47430,47430,46900,46900,0.86%,20,"9,43,300.00"
UNL,07/05/2025,46500,46501,46500,46500,-0.21%,50,"23,25,010.00"
UNL,06/05/2025,46600,46600,46600,46600,0.34%,10,"4,66,000.00"
UNL,05/05/2025,46510,46510,46444,46444,-2.00%,30,"13,94,540.00"
UNL,04/05/2025,47420,47420,47325,47390,1.91%,110,"52,10,340.00"
UNL,28/04/2025,46500,46650,46500,46500,-1.04%,50,"23,27,500.00"
UNL,27/04/2025,46500,46990,46500,46990,0.94%,60,"27,94,900.00"
UNL,24/04/2025,46551.5,46551.5,46551.5,46551.5,0.00%,10,"4,65,515.00"
UNL,23/04/2025,47348,47348,46403,46551.5,0.11%,30,"14,04,510.00"
UNL,22/04/2025,46061,46500,46061,46500,-1.06%,20,"9,25,610.00"
UNL,21/04/2025,47000,47398,46901.1,47000,-1.05%,40,"18,82,991.00"
UNL,20/04/2025,46502,47500,46502,47500,0.42%,60,"28,23,019.00"
UNL,17/04/2025,46500,47300,46500,47300,1.72%,40,"18,73,000.00"
UNL,16/04/2025,45530,46500.2,45530,46500.2,0.11%,30,"13,80,312.00"
UNL,15/04/2025,46500,46500,46450,46450,-0.33%,20,"9,29,500.00"
UNL,13/04/2025,46500,47100,46500,46603.1,0.22%,40,"18,68,051.00"
UNL,10/04/2025,46200,46500,46200,46500,0.65%,22,"10,19,400.00"
UNL,09/04/2025,46600,46600,46200,46200,-0.86%,40,"18,60,000.00"
UNL,08/04/2025,46300,46600,46000,46600,0.65%,80,"37,19,000.00"
UNL,07/04/2025,46350,46350,46300,46300,-0.11%,50,"23,16,500.00"
UNL,03/04/2025,46350,46350,46350,46350,0.75%,10,"4,63,500.00"
UNL,02/04/2025,46500,46500,46005,46005,-1.17%,20,"9,25,050.00"
UNL,01/04/2025,46000,47480,46000,46550,1.19%,50,"23,38,100.00"
UNL,30/03/2025,46000,46003,46000,46003,0.00%,30,"13,80,050.00"
UNL,27/03/2025,45800,46002,45751,46002,0.00%,50,"22,91,530.00"
UNL,26/03/2025,46001,46001,46001,46001,-0.43%,10,"4,60,010.00"
UNL,25/03/2025,45600,46200,45600,46200,-0.65%,30,"13,79,000.00"
UNL,24/03/2025,46500,46500,46500,46500,-0.85%,19,"8,83,500.00"
UNL,23/03/2025,46015,46900,46015,46900,0.64%,21,"9,76,050.00"
UNL,20/03/2025,46750,47000,46400,46601,-0.42%,116,"54,17,639.00"
UNL,19/03/2025,46660,46799,46649,46799,2.29%,50,"23,34,580.00"
UNL,18/03/2025,45800.2,45951,45750,45750,-0.66%,48,"22,00,622.00"
UNL,17/03/2025,46054,46054,46054,46054,2.00%,10,"4,60,540.00"
UNL,16/03/2025,45911.2,46590,45152,45152,0.31%,120,"54,50,852.00"
UNL,12/03/2025,45380,45380,45011,45011,-0.81%,40,"18,11,510.00"
UNL,11/03/2025,45380,45380,45380,45380,-1.99%,10,"4,53,800.00"
UNL,10/03/2025,46500,47244,46301,46301,-1.49%,114,"53,04,770.00"
UNL,09/03/2025,46035,47000,46000,47000,1.08%,94,"43,66,544.00"
UNL,06/03/2025,47736,47736,46000,46500,-0.64%,100,"46,48,673.00"
UNL,05/03/2025,46800,46800,46800,46800,0.00%,1,"46,800.00"
UNL,04/03/2025,46800,46800,46800,46800,-0.43%,10,"4,68,000.00"
UNL,03/03/2025,47889,47889,47000,47000,0.00%,60,"28,28,952.00"
UNL,02/03/2025,47000,47000,47000,47000,1.08%,15,"7,05,000.00"
UNL,27/02/2025,46921,46921,46500,46500,1.08%,30,"14,00,210.00"
UNL,25/02/2025,45571,46010,45571,46002.1,-1.07%,65,"29,81,541.00"
UNL,24/02/2025,47000,47938,46500,46500,0.00%,75,"35,18,270.00"
UNL,20/02/2025,46950,47000,46500,46500,-1.06%,60,"28,09,010.00"
UNL,18/02/2025,47100,47100,47000,47000,0.00%,20,"9,41,000.00"
UNL,17/02/2025,47500,47500,47000,47000,0.00%,30,"14,15,000.00"
UNL,16/02/2025,47000,47001,46501,47000,-0.84%,50,"23,45,020.00"
UNL,13/02/2025,47000,47400,47000,47400,0.85%,30,"14,14,000.00"
UNL,12/02/2025,47940,47940,46800,47000,0.00%,50,"23,57,400.00"
UNL,10/02/2025,47000,47000,46999,47000,0.43%,65,"30,54,990.00"
UNL,09/02/2025,46922,46922,46050,46799,1.73%,40,"18,66,930.00"
UNL,06/02/2025,46500,46500,46002,46002,0.00%,51,"23,61,962.00"
UNL,05/02/2025,45701,46002,45701,46002,-1.07%,20,"9,17,030.00"
UNL,04/02/2025,46500,46500,46500,46500,-0.89%,20,"9,30,000.00"
UNL,03/02/2025,46500,46918,46000,46918,0.00%,60,"28,01,540.00"
UNL,02/02/2025,45600,46920,45600,46920,0.90%,63,"29,17,690.00"
UNL,28/01/2025,46000,46500,46000,46500,1.09%,30,"13,85,000.00"
UNL,27/01/2025,46000,46000,46000,46000,-0.43%,110,"50,60,000.00"
UNL,26/01/2025,46200,46200,46200,46200,0.43%,35,"16,19,250.00"
UNL,23/01/2025,47490,47490,46000,46000,-1.67%,40,"18,65,704.00"
UNL,22/01/2025,46489,46800,45865.1,46782,-0.04%,111,"51,68,597.10"
UNL,21/01/2025,46900,46900,46800,46800,-0.21%,60,"28,13,000.00"
UNL,20/01/2025,46918,47856,46898.9,46900,1.96%,80,"37,61,897.00"
UNL,19/01/2025,46580,46650,44803,46000,0.70%,50,"23,00,330.00"
UNL,16/01/2025,46699,46699,44925,45678,-0.26%,40,"18,30,680.00"
UNL,15/01/2025,45798,45798,45798,45798,2.00%,10,"4,57,980.00"
UNL,13/01/2025,45492,45492,43800,44900,0.67%,429,"1,89,56,340.00"
UNL,12/01/2025,45300,45300,44600,44600,-1.00%,30,"13,52,000.00"
UNL,09/01/2025,45200,45200,45050,45050,0.00%,40,"18,06,500.00"
UNL,08/01/2025,45000,45050,45000,45050,0.11%,60,"27,01,000.00"
UNL,07/01/2025,45000,45000,45000,45000,-1.10%,30,"13,50,000.00"
UNL,06/01/2025,45090,46000,45090,45500,1.15%,40,"18,16,900.00"
UNL,05/01/2025,44200,44982,44100,44982,-0.04%,50,"22,14,830.00"
UNL,02/01/2025,45000,45000,44500,45000,0.00%,45,"20,12,500.00"
UNL,01/01/2025,45000,45000,45000,45000,-1.10%,100,"45,00,000.00"
BNT,29/01/2026,11566,11944,11566,11705.2,-0.80%,160,"18,82,725.00"
BNT,28/01/2026,11880,11880,11800,11800,-0.17%,100,"11,82,210.00"
BNT,27/01/2026,11810,12000,11800.1,11820,0.08%,100,"11,90,501.00"
BNT,26/01/2026,11921,12248.9,11810,11810,-1.79%,70,"8,33,109.00"
BNT,25/01/2026,11900,12100,11851.1,12025,1.05%,433,"51,97,318.00"
BNT,22/01/2026,11832.1,11900,11831,11900,-1.24%,59,"6,98,750.00"
BNT,21/01/2026,11840,12050,11840,12050,1.26%,30,"3,57,300.00"
BNT,20/01/2026,12100,12100,11900,11900,-0.83%,123,"14,72,261.00"
BNT,18/01/2026,11800,12030,11800,11999,2.56%,122,"14,56,618.00"
BNT,14/01/2026,11792,11800,11700,11700,-0.78%,30,"3,52,920.00"
BNT,13/01/2026,11796,12031.9,11792,11792,1.96%,136,"16,11,958.00"
BNT,12/01/2026,11801.1,11820,11565.1,11565.1,-3.62%,74,"8,70,723.00"
BNT,08/01/2026,11800.1,11999.9,11780,11999.9,1.69%,210,"24,96,850.00"
BNT,07/01/2026,11910,11910,11800,11800,-2.88%,217,"25,69,365.00"
BNT,06/01/2026,12100,12150,12100,12150,0.94%,30,"3,62,785.00"
BNT,05/01/2026,12037,12037,12037,12037,2.00%,20,"2,40,740.00"
BNT,04/01/2026,11800,11850,11800,11801,0.01%,81,"9,56,175.00"
BNT,01/01/2026,12240,12240,11800,11800,-4.34%,50,"6,02,455.00"
BNT,31/12/2025,11858,12335,11858,12335,1.94%,20,"2,41,930.00"
BNT,29/12/2025,12150,12150,12100,12100,0.41%,33,"4,00,007.00"
BNT,28/12/2025,11950,12050,11950,12050,0.82%,60,"7,19,500.00"
BNT,24/12/2025,11850,11952,11720,11952,0.44%,165,"19,52,341.50"
BNT,23/12/2025,11756,12000,11756,11900,0.00%,99,"11,81,298.00"
BNT,22/12/2025,11930,11930,11827,11900,0.37%,94,"11,18,665.00"
BNT,21/12/2025,11750,11985,11750,11856,0.21%,98,"11,62,269.50"
BNT,18/12/2025,12036.6,12036.6,11831,11831,-1.71%,38,"4,49,987.00"
BNT,17/12/2025,12199,12200,11800.6,12036.6,0.30%,166,"20,06,463.80"
BNT,16/12/2025,12000,12000,11880,12000,0.04%,57,"6,81,010.00"
BNT,15/12/2025,11761,11995.2,11760,11995.2,-0.04%,137,"16,18,149.40"
BNT,14/12/2025,11900,12000,11900,12000,0.00%,20,"2,39,000.00"
BNT,10/12/2025,11900,12000,11900,12000,0.84%,40,"4,77,000.00"
BNT,09/12/2025,11880,12000,11875,11900,-0.39%,64,"7,62,610.00"
BNT,08/12/2025,12190,12190,11946.2,11946.2,-0.04%,185,"22,18,391.00"
BNT,07/12/2025,11920,12340,11920,11951,0.26%,180,"21,79,843.00"
BNT,03/12/2025,12299.8,12299.8,11911,11920,-1.49%,145,"17,37,207.00"
BNT,02/12/2025,11870,12138.1,11864,12100,1.68%,209,"25,11,646.00"
BNT,01/12/2025,11900,12090,11900,11900.1,0.00%,144,"17,27,281.00"
BNT,30/11/2025,11950.1,12000,11702,11900,-2.30%,242,"28,82,040.00"
BNT,27/11/2025,12140,12350,12140,12180,-0.16%,377,"46,01,660.80"
BNT,26/11/2025,12230.1,12351,12200,12200,-0.25%,151,"18,48,526.20"
BNT,25/11/2025,12450,12450,12222.2,12230.1,-0.57%,200,"24,62,035.00"
BNT,24/11/2025,12250.1,12470,12250,12300,-0.81%,243,"29,94,661.00"
BNT,23/11/2025,12270,12760,12270,12400,2.48%,872,"1,09,06,803.00"
BNT,20/11/2025,11790,12240,11790,12100,4.40%,"1,320.00","1,59,60,116.00"
BNT,19/11/2025,11499,11590,11350.1,11590,2.79%,190,"21,83,686.00"
BNT,18/11/2025,11210,11570,11210,11275,-1.10%,171,"19,40,903.00"
BNT,17/11/2025,11350,11570,11350,11400,1.15%,295,"33,76,492.00"
BNT,16/11/2025,10997.9,11550,10997.9,11270,4.35%,670,"75,02,221.00"
BNT,13/11/2025,10800,11000,10780.1,10800,0.00%,247,"26,88,465.00"
BNT,12/11/2025,10900,10900,10800,10800,-0.92%,90,"9,76,752.00"
BNT,11/11/2025,10701,10990,10701,10900,0.00%,90,"9,82,860.00"
BNT,10/11/2025,11073,11073,10830,10900,0.37%,60,"6,55,821.00"
BNT,09/11/2025,11010,11019,10800,10860,-1.27%,192,"20,96,112.00"
BNT,06/11/2025,11188.7,11188.8,10871,11000,-0.67%,180,"19,83,042.00"
BNT,05/11/2025,10900,11074.7,10900,11074.7,3.38%,124,"13,65,258.00"
BNT,04/11/2025,10900,11099.9,10700,10713,-1.61%,130,"14,12,382.00"
BNT,03/11/2025,11001,11001,10888,10888,-1.02%,55,"6,02,795.00"
BNT,02/11/2025,11000,11194.9,10852,11000,0.00%,134,"14,78,029.00"
BNT,30/10/2025,10890,11000,10760.1,11000,1.01%,91,"9,96,724.10"
BNT,29/10/2025,11099.9,11099.9,10890.1,10890.1,-1.89%,23,"2,52,940.00"
BNT,28/10/2025,10800,11099.9,10780,11099.9,0.94%,150,"16,41,257.00"
BNT,26/10/2025,11195,11195,10660,10996.9,-0.91%,170,"18,47,407.00"
BNT,19/10/2025,10690,11098,10690,11098,1.74%,30,"3,24,780.00"
BNT,16/10/2025,10800,10908,10700,10908,1.93%,80,"8,61,470.00"
BNT,15/10/2025,10924.3,10924.3,10701,10701,-0.08%,100,"10,76,613.00"
BNT,14/10/2025,10913,10914,10710.1,10710.1,0.09%,40,"4,34,371.00"
BNT,13/10/2025,11000,11300,10666.1,10700,-1.65%,"1,238.00","1,36,25,985.00"
BNT,12/10/2025,11001.1,11100,10810,10880,-2.86%,190,"20,80,691.00"
BNT,09/10/2025,11130.2,11299,10951,11200,2.64%,170,"19,00,872.00"
BNT,08/10/2025,11111.1,11130,10900,10912,-3.69%,200,"22,01,841.00"
BNT,07/10/2025,11526,11526,11195,11330,0.27%,160,"18,16,665.00"
BNT,28/09/2025,11212,11520,11212,11300,0.78%,222,"25,26,487.00"
BNT,25/09/2025,10979,11420,10979,11212,0.11%,80,"8,97,415.00"
BNT,24/09/2025,11200,11600,11115,11200,0.00%,515,"57,86,670.00"
BNT,23/09/2025,11220,11220,11111,11200,1.81%,188,"21,05,187.20"
BNT,21/09/2025,10997.6,11220,10900,11000.66,-1.97%,523,"57,69,884.00"
BNT,18/09/2025,11222,11222,11222,11222,-2.00%,17,"1,90,774.00"
BNT,08/09/2025,11550,11550,11450,11451,-0.86%,93,"10,70,860.00"
BNT,07/09/2025,11500,11550,11500,11550,0.04%,51,"5,86,815.00"
BNT,04/09/2025,11700,11700,11500,11545,-1.24%,263,"30,33,742.00"
BNT,03/09/2025,11600,11750,11600,11689.5,0.24%,122,"14,25,591.00"
BNT,02/09/2025,11800,11950,11660,11661.33,-2.01%,350,"41,11,193.00"
BNT,01/09/2025,11900.1,11900.1,11850,11900,0.00%,100,"11,88,701.00"
BNT,31/08/2025,12151,12151,11850,11900,-0.42%,95,"11,36,180.00"
BNT,28/08/2025,12000,12099,11880,11950,-0.34%,130,"15,52,782.50"
BNT,27/08/2025,11850,12000,11850,11990.86,-0.06%,401,"47,85,482.00"
BNT,26/08/2025,11900,12000,11900,11998.33,0.83%,160,"19,12,100.00"
BNT,25/08/2025,12000,12000,11850,11900,-1.65%,443,"52,73,376.00"
BNT,24/08/2025,12100,12100,12000,12100,-0.10%,167,"20,08,301.00"
BNT,21/08/2025,12201,12250,12012,12111.68,-0.63%,257,"31,13,425.00"
BNT,20/08/2025,12348,12348,12170.1,12188.8,-0.50%,130,"15,91,973.00"
BNT,19/08/2025,12233,12328,12233,12250,2.08%,170,"20,85,490.00"
BNT,18/08/2025,12200,12399,12000,12000,-1.34%,355,"42,86,780.00"
BNT,17/08/2025,12300,12494,12000,12162.52,-3.04%,"1,180.00","1,42,86,534.30"
BNT,14/08/2025,12563.75,12649,12410,12543.29,-0.16%,209,"26,18,601.00"
BNT,13/08/2025,12500,12590,12500,12563.75,-0.29%,105,"13,18,100.00"
BNT,12/08/2025,12500,12600,12405,12600,0.42%,140,"17,52,080.00"
BNT,11/08/2025,12779,12780,12540,12546.7,0.13%,211,"26,59,418.00"
BNT,07/08/2025,12740,12740,12510,12530.1,-0.95%,60,"7,56,401.00"
BNT,06/08/2025,12560,12680,12560,12650,0.50%,80,"10,10,080.00"
BNT,05/08/2025,12690,12780,12561,12587.37,-0.89%,185,"23,33,840.00"
BNT,04/08/2025,12700,12740,12500,12700.25,-0.08%,323,"40,71,290.00"
BNT,03/08/2025,12750,12784,12680.1,12710.05,-0.31%,180,"22,89,081.00"
BNT,31/07/2025,12832,12861,12701,12750,-1.09%,272,"34,72,930.00"
BNT,30/07/2025,12900,13085,12840,12890.5,-0.07%,383,"49,62,941.00"
BNT,29/07/2025,13096,13159,12899,12899.5,-0.76%,437,"57,04,249.00"
BNT,28/07/2025,12940,13050,12615,12998.5,0.37%,665,"84,61,753.00"
BNT,27/07/2025,13100,13205,12900,12950,-0.03%,479,"62,35,400.00"
BNT,24/07/2025,13100,13100,12950,12953.4,-1.31%,225,"29,24,929.00"
BNT,23/07/2025,13200,13200,12889,13125,-0.07%,220,"28,71,460.00"
BNT,22/07/2025,13050,13198.9,12800,13133.58,2.61%,720,"94,07,597.00"
BNT,21/07/2025,12855.5,12949,12700,12800,-0.43%,193,"24,69,000.40"
BNT,20/07/2025,13100,13100,12800,12855.5,-0.12%,639,"82,93,587.00"
BNT,17/07/2025,12900,12900,12735,12871.57,0.56%,291,"37,34,583.00"
BNT,16/07/2025,12790,12880,12400.9,12800,1.19%,219,"27,66,032.60"
BNT,15/07/2025,12599.9,12650,12595,12650,1.16%,100,"12,60,818.00"
BNT,14/07/2025,12749,12790,12505,12505,-0.60%,220,"27,86,699.00"
BNT,13/07/2025,12829,12830,12580,12580,-0.06%,250,"31,65,034.50"
BNT,10/07/2025,12629.7,12629.7,12506,12587.5,1.51%,211,"26,54,946.00"
BNT,09/07/2025,12337,12400,12337,12400,0.56%,40,"4,95,370.00"
BNT,08/07/2025,12320,12331.1,12320,12331.1,-0.56%,20,"2,46,511.00"
BNT,07/07/2025,12600,12630,12400,12401,-1.44%,292,"36,51,504.00"
BNT,06/07/2025,12470,12622.9,12470,12582.5,1.16%,385,"48,25,024.60"
BNT,03/07/2025,12400,12439.9,12260,12438.22,0.31%,240,"29,64,640.00"
BNT,02/07/2025,12260.3,12400,12260.3,12400,1.14%,185,"22,80,721.00"
BNT,01/07/2025,12289.8,12469.6,12050,12260.3,-0.24%,180,"22,07,663.00"
BNT,30/06/2025,12449,12454,12050,12289.8,0.65%,743,"90,71,218.00"
BNT,29/06/2025,12210,12440,12202.5,12210.3,-0.68%,110,"13,52,558.00"
BNT,26/06/2025,12301.2,12400,12290,12294.24,-0.59%,434,"53,40,646.00"
BNT,25/06/2025,12549,12700,12328.4,12366.66,0.49%,361,"44,81,979.60"
BNT,24/06/2025,12310,12495,12300,12306.75,-0.08%,152,"18,72,671.00"
BNT,23/06/2025,12325,12325,12315.1,12316.8,-0.07%,71,"8,74,502.00"
BNT,22/06/2025,12350,12350,12260,12325,-1.28%,190,"23,36,431.00"
BNT,19/06/2025,12460,12501,12460,12485,0.06%,60,"7,48,300.00"
BNT,18/06/2025,12500.5,12500.5,12450,12478,-1.72%,90,"11,22,808.00"
BNT,17/06/2025,12518,12699,12518,12696.84,1.44%,194,"24,51,901.00"
BNT,16/06/2025,12700,12700,12452.2,12517.1,-0.60%,113,"14,30,319.00"
BNT,15/06/2025,12401.1,12619.9,12400,12593,0.41%,155,"19,36,955.00"
BNT,12/06/2025,12699,12750,12390,12542,0.74%,299,"37,47,950.00"
BNT,11/06/2025,12458.9,12458.9,12450,12450,-0.07%,26,"3,22,889.00"
BNT,10/06/2025,12658,12691,12438.2,12458.9,0.39%,110,"13,85,319.00"
BNT,09/06/2025,12694,12694,12410,12410,-0.88%,175,"21,87,850.00"
BNT,08/06/2025,12590,12590,12501,12520,-1.01%,60,"7,51,350.00"
BNT,05/06/2025,12301,12648,12301,12648,1.25%,140,"17,47,700.00"
BNT,04/06/2025,12580,12668,12490,12491.5,-0.47%,255,"31,93,465.00"
BNT,03/06/2025,12770,12770,12550,12550.42,-0.67%,90,"11,31,732.00"
BNT,02/06/2025,12760,12780,12500,12635.5,0.28%,280,"35,26,380.00"
BNT,28/05/2025,12500,12600,12500,12600,-0.17%,60,"7,53,050.00"
BNT,27/05/2025,12600,12645,12600,12622,-0.20%,60,"7,56,890.00"
BNT,26/05/2025,12425,12679.8,12425,12647.9,0.70%,266,"33,37,600.00"
BNT,25/05/2025,12700,12700,12560,12560,0.07%,60,"7,56,850.00"
BNT,22/05/2025,12500,12700,12500,12550.98,-0.52%,151,"18,96,076.00"
BNT,21/05/2025,12830,12834.6,12611,12616,0.26%,150,"19,02,561.00"
BNT,20/05/2025,12500,12649,12500,12583,1.07%,60,"7,53,980.00"
BNT,19/05/2025,12467.06,12699.7,12450,12450,-0.14%,116,"14,52,019.10"
BNT,18/05/2025,12810,12810,12305,12467.06,-0.74%,318,"39,51,937.00"
BNT,15/05/2025,12650,12650,12560,12560,-1.10%,56,"7,04,500.00"
BNT,14/05/2025,12751.6,12751.6,12650,12700,1.58%,40,"5,08,532.00"
BNT,13/05/2025,12693,12900,12502,12502,-1.50%,157,"19,85,993.00"
BNT,11/05/2025,12800,12829,12610,12693,0.89%,250,"31,74,140.00"
BNT,08/05/2025,13000,13000,12510,12580.71,-1.33%,491,"62,01,915.00"
BNT,07/05/2025,12713.5,12751,12713.5,12750.16,0.29%,70,"8,92,145.00"
BNT,06/05/2025,12850,12850,12713,12713.5,0.90%,90,"11,46,540.00"
BNT,05/05/2025,12603,12821.6,12570.2,12600,-1.77%,220,"27,86,634.00"
BNT,04/05/2025,12680,12880,12680,12826.66,0.77%,90,"11,54,080.00"
BNT,30/04/2025,12737,12827,12700,12729.2,-0.06%,205,"26,08,910.00"
BNT,29/04/2025,12913,12913,12652,12737.11,-2.77%,396,"50,69,993.00"
BNT,28/04/2025,12920,13100,12920,13100,1.79%,30,"3,91,200.00"
BNT,27/04/2025,12900,13000,12870,12870,-0.16%,57,"7,35,870.00"
BNT,24/04/2025,13000,13000,12890,12890.05,-0.54%,202,"26,11,241.00"
BNT,23/04/2025,12970,13099,12950,12960,0.00%,163,"21,19,319.00"
BNT,22/04/2025,13000,13250,12857.7,12960,-0.35%,204,"26,54,836.00"
BNT,21/04/2025,13021.1,13021.1,13001,13005.5,-0.28%,275,"35,78,044.50"
BNT,20/04/2025,13299,13299,13041.5,13041.5,-0.79%,74,"9,70,346.00"
BNT,17/04/2025,13113,13150,13100,13145.4,0.25%,120,"15,75,700.00"
BNT,16/04/2025,13012,13114,13011,13113,-1.00%,75,"9,81,465.00"
BNT,15/04/2025,13349,13349,13000,13246,0.95%,110,"14,43,922.00"
BNT,13/04/2025,13214,13214,13110,13121,-0.70%,30,"3,94,450.00"
BNT,10/04/2025,13425,13425,13200,13213.33,0.10%,120,"15,93,920.00"
BNT,09/04/2025,13350,13550,13200,13200,0.49%,330,"44,01,719.00"
BNT,08/04/2025,13200,13200,12900,13135,0.42%,80,"10,46,450.00"
BNT,07/04/2025,13250,13250,12985,13080,-0.19%,210,"27,36,350.00"
BNT,03/04/2025,13260,13260,13105,13105.5,0.01%,85,"11,20,770.00"
BNT,02/04/2025,13216,13340,13101,13104,-0.84%,125,"16,51,209.00"
BNT,01/04/2025,13188,13290,13100,13215.5,0.21%,80,"10,54,710.00"
BNT,30/03/2025,13199,13400,13150,13187.5,0.82%,280,"37,11,155.00"
BNT,27/03/2025,13080,13100,13050,13080,-0.01%,98,"12,82,100.00"
BNT,26/03/2025,12800,13100,12800,13081.45,1.02%,223,"29,04,710.00"
BNT,25/03/2025,13000,13000,12700,12949,-0.49%,"1,635.00","2,08,38,349.00"
BNT,24/03/2025,13198,13199,13000,13012.5,0.26%,80,"10,46,350.00"
BNT,23/03/2025,13100,13215,12956,12978.5,-1.75%,160,"20,84,516.00"
BNT,20/03/2025,13151,13222,13151,13209,-0.30%,90,"11,87,110.00"
BNT,19/03/2025,13223,13249,13183,13249,0.29%,140,"18,49,378.00"
BNT,18/03/2025,13390,13390,13186,13211,-0.37%,59,"7,83,044.00"
BNT,17/03/2025,13052,13300,13052,13260,1.92%,90,"11,84,940.00"
BNT,16/03/2025,13200,13200,13000,13010,-1.44%,250,"32,63,463.00"
BNT,12/03/2025,13250,13250,13200,13200,0.23%,50,"6,60,700.00"
BNT,11/03/2025,13351,13351,13170,13170,-0.98%,80,"10,62,631.00"
BNT,10/03/2025,13350,13578,13300,13300,0.71%,151,"20,13,589.00"
BNT,09/03/2025,13670,13670,13150,13206,-1.46%,271,"36,04,461.00"
BNT,06/03/2025,13942,13943,13400.1,13402,-1.96%,120,"16,27,122.00"
BNT,05/03/2025,13720,13800,13500.1,13670,-0.36%,250,"34,04,602.00"
BNT,04/03/2025,14380,14382,13720,13720,-2.70%,749,"1,04,98,280.80"
BNT,03/03/2025,14110,14680,13870,14100,1.88%,830,"1,17,76,067.50"
BNT,02/03/2025,13900,13930,13710,13840,1.02%,445,"61,48,972.00"
BNT,27/02/2025,13207,13700,13207,13700,3.75%,671,"90,26,016.00"
BNT,25/02/2025,13400,13500,13200,13205,-0.82%,449,"59,70,335.00"
BNT,24/02/2025,13407.9,13599,13101,13314,1.29%,140,"18,76,353.00"
BNT,23/02/2025,13100,13616,13100,13145,-0.04%,562,"74,32,332.00"
BNT,20/02/2025,13205,13205,13100,13150,-0.38%,252,"33,13,322.00"
BNT,18/02/2025,13250,13250,13005,13200,-0.07%,340,"44,59,019.00"
BNT,17/02/2025,13265.1,13350,13016,13209.9,1.58%,215,"28,29,309.00"
BNT,16/02/2025,12979.1,13504,12979,13005,-1.80%,275,"36,14,649.00"
BNT,13/02/2025,13152,13243,13000,13243,0.70%,495,"64,67,771.00"
BNT,12/02/2025,13035,13300,13020,13151.2,-0.97%,390,"51,26,971.00"
BNT,11/02/2025,13500,13500,13230,13280,-1.63%,420,"55,77,646.00"
BNT,10/02/2025,13464,13500,13171.2,13500,0.27%,480,"63,77,310.00"
BNT,09/02/2025,13535.5,13535.5,13450,13464,-0.27%,164,"22,10,811.00"
BNT,06/02/2025,13650,13789,13500,13501,-1.09%,101,"13,72,310.00"
BNT,05/02/2025,13750,13800,13600,13650,0.00%,188,"25,76,820.00"
BNT,04/02/2025,13601,13650,13600,13650,-1.29%,110,"14,97,771.00"
BNT,03/02/2025,14000,14191,13700,13829,0.65%,220,"30,59,270.00"
BNT,02/02/2025,13620,13798,13500,13739.9,0.37%,510,"69,39,959.00"
BNT,28/01/2025,13600,13950,13460,13689.9,2.32%,270,"36,84,671.00"
BNT,27/01/2025,13770,13770,13353,13380,-0.89%,443,"59,50,556.00"
BNT,26/01/2025,13500.1,13740,13500,13500,0.00%,130,"17,61,312.00"
BNT,23/01/2025,13750,13800,13500,13500,-0.38%,314,"42,62,036.00"
BNT,22/01/2025,13700,13900,13551,13551.1,-0.75%,110,"15,10,891.00"
BNT,21/01/2025,14250,14250,13654,13654,-3.85%,140,"19,66,161.00"
BNT,20/01/2025,14076,14600,14000,14200,2.90%,490,"70,07,537.00"
BNT,19/01/2025,13202,13993.3,13200,13800,4.54%,210,"28,56,476.00"
BNT,16/01/2025,13600,13600,13201,13201,-1.12%,95,"12,69,843.00"
BNT,15/01/2025,13463.9,13691.9,13351,13351,1.14%,237,"31,82,910.00"
BNT,13/01/2025,13250,13250,13200,13200,-2.33%,25,"3,30,750.00"
BNT,12/01/2025,13500,13515,13250,13515,0.11%,260,"34,70,258.00"
BNT,09/01/2025,13470,13700,13470,13500,0.07%,90,"12,17,051.00"
BNT,08/01/2025,13500,13500,13338.2,13490,-0.07%,50,"6,70,064.00"
BNT,07/01/2025,13950,13995,13477,13500,-1.82%,291,"39,38,905.00"
BNT,06/01/2025,13510.1,13750,13250,13750,3.81%,173,"23,44,054.00"
BNT,05/01/2025,13715.1,13715.1,13245.2,13245.2,-5.36%,229,"30,88,591.50"
BNT,02/01/2025,13700,13995,13200,13995,3.44%,322,"44,23,329.00"
BNT,01/01/2025,13005,13530,13005,13530,6.12%,30,"3,98,000.00"
AKJCL,01/02/2026,311.5,341,305,326.4,4.62%,"17,46,924.00","55,52,40,761.80"
AKJCL,29/01/2026,305,321,300,312,2.40%,"12,54,601.00","39,47,71,445.10"
AKJCL,28/01/2026,280,304.7,268.3,304.7,10.00%,"29,19,410.00","83,57,51,328.30"
AKJCL,27/01/2026,285,300,277,277,-1.84%,"17,80,888.00","51,43,67,844.90"
AKJCL,26/01/2026,273.7,291,269,282.2,5.14%,"20,13,923.00","56,16,38,267.00"
AKJCL,25/01/2026,245,268.4,245,268.4,10.00%,"16,68,005.00","43,59,33,162.60"
AKJCL,22/01/2026,235,244.5,232.1,244,5.13%,"16,94,796.00","40,82,56,845.80"
AKJCL,21/01/2026,230.6,241,230,232.1,2.65%,"18,40,454.00","43,36,36,413.80"
AKJCL,20/01/2026,211,229.5,210.2,226.1,8.13%,"11,49,972.00","25,37,21,330.60"
AKJCL,18/01/2026,201.1,211.5,201.1,209.1,3.11%,"4,04,482.00","8,41,53,092.00"
AKJCL,14/01/2026,202,203.5,200,202.8,0.45%,"1,13,795.00","2,29,24,069.50"
AKJCL,13/01/2026,200,203,200,201.9,0.95%,"1,45,948.00","2,93,64,227.70"
AKJCL,12/01/2026,210,210,198.1,200,-2.87%,"1,66,196.00","3,33,55,354.90"
AKJCL,08/01/2026,202.1,209.9,199.3,205.9,3.88%,"2,97,985.00","6,08,61,885.20"
AKJCL,07/01/2026,198.9,202.1,196.9,198.2,0.61%,"2,18,322.00","4,35,78,352.00"
AKJCL,06/01/2026,194.9,199.8,193.1,197,2.28%,"2,15,922.00","4,25,10,795.70"
AKJCL,05/01/2026,190.1,193.5,190,192.6,0.94%,"89,437.00","1,71,99,884.30"
AKJCL,04/01/2026,195,195,190,190.8,-1.14%,"71,231.00","1,36,23,363.40"
AKJCL,01/01/2026,196,196,191.2,193,0.31%,"85,837.00","1,65,38,937.40"
AKJCL,31/12/2025,188,195,188,192.4,2.94%,"1,72,436.00","3,31,90,542.10"
AKJCL,29/12/2025,188,190.6,186.5,186.9,0.11%,"1,42,362.00","2,68,76,677.70"
AKJCL,28/12/2025,184,188.1,184,186.7,2.19%,"55,433.00","1,03,35,620.80"
AKJCL,24/12/2025,185,185,181.6,182.7,-0.16%,"52,107.00","95,65,052.80"
AKJCL,23/12/2025,184,185.1,182.1,183,-0.54%,"37,248.00","68,50,992.40"
AKJCL,22/12/2025,190.6,190.6,183.4,184,-1.55%,"30,365.00","56,32,711.10"
AKJCL,21/12/2025,182,187.9,180.4,186.9,2.47%,"1,18,955.00","2,19,97,234.10"
AKJCL,18/12/2025,183.2,185,182,182.4,-0.44%,"42,178.00","76,97,745.70"
AKJCL,17/12/2025,184.1,185,183.2,183.2,-0.43%,"56,720.00","1,04,38,783.70"
AKJCL,16/12/2025,185,186,183,184,0.55%,"38,330.00","70,62,089.70"
AKJCL,15/12/2025,185,185,182,183,0.00%,"18,667.00","34,26,263.40"
AKJCL,14/12/2025,185,186,182.7,183,-0.76%,"36,775.00","67,58,480.60"
AKJCL,11/12/2025,184,185.9,184,184.4,-0.05%,"39,013.00","72,07,969.80"
AKJCL,10/12/2025,186,186.8,184.5,184.5,-0.70%,"39,735.00","73,61,102.50"
AKJCL,09/12/2025,185,188,185,185.8,-0.11%,"33,270.00","61,74,552.00"
AKJCL,08/12/2025,186,187.8,184.1,186,-0.48%,"46,839.00","86,81,616.20"
AKJCL,07/12/2025,186,187,184.5,186.9,-0.32%,"63,698.00","1,18,26,159.40"
AKJCL,03/12/2025,190,191,187,187.5,-0.42%,"42,060.00","79,06,397.70"
AKJCL,02/12/2025,190.1,191,188.2,188.3,-0.89%,"25,332.00","47,98,299.80"
AKJCL,01/12/2025,190,192,188,190,-0.11%,"50,310.00","95,25,339.60"
AKJCL,30/11/2025,195.8,195.8,190,190.2,-0.94%,"54,742.00","1,05,21,434.80"
AKJCL,27/11/2025,192,194,191.1,192,0.52%,"58,816.00","1,13,19,364.80"
AKJCL,26/11/2025,191.5,192.9,190.1,191,-1.24%,"49,374.00","94,37,689.40"
AKJCL,25/11/2025,195,195,191,193.4,-0.36%,"37,685.00","72,29,979.40"
AKJCL,24/11/2025,193,195,192,194.1,0.62%,"34,527.00","66,98,320.60"
AKJCL,23/11/2025,188,193.2,187,192.9,3.21%,"82,587.00","1,58,18,088.60"
AKJCL,20/11/2025,186.6,188.7,185.1,186.9,-0.11%,"48,359.00","90,11,013.40"
AKJCL,19/11/2025,191,191,187,187.1,-0.53%,"17,456.00","32,90,810.60"
AKJCL,18/11/2025,185,190,185,188.1,1.13%,"30,468.00","57,50,828.60"
AKJCL,17/11/2025,187.9,187.9,184.2,186,0.27%,"20,152.00","37,47,904.20"
AKJCL,16/11/2025,187,189,184.3,185.5,-0.70%,"29,570.00","54,86,881.60"
AKJCL,13/11/2025,188,188,185,186.8,0.43%,"30,378.00","56,51,431.10"
AKJCL,12/11/2025,190,190,185.5,186,-0.16%,"21,193.00","39,55,886.60"
AKJCL,11/11/2025,188,188.9,186.1,186.3,0.05%,"33,315.00","62,36,541.10"
AKJCL,10/11/2025,190.7,190.7,185.2,186.2,-0.43%,"27,762.00","51,87,721.70"
AKJCL,09/11/2025,188,192,187,187,-1.79%,"37,217.00","70,33,841.80"
AKJCL,06/11/2025,195.8,195.8,190,190.4,-0.83%,"29,173.00","55,72,991.00"
AKJCL,05/11/2025,190,193.4,186.4,192,0.95%,"38,207.00","72,63,056.20"
AKJCL,04/11/2025,196.4,197.9,190.2,190.2,-2.56%,"41,445.00","79,63,914.00"
AKJCL,03/11/2025,199,200.9,195,195.2,-1.76%,"36,109.00","71,27,661.50"
AKJCL,02/11/2025,196.9,199.7,192.9,198.7,2.42%,"57,710.00","1,14,13,966.30"
AKJCL,30/10/2025,188.1,196.8,187.2,194,1.57%,"76,960.00","1,49,05,176.80"
AKJCL,29/10/2025,193.8,196.4,190.5,191,-1.44%,"53,972.00","1,04,19,132.50"
AKJCL,28/10/2025,185,193.8,183,193.8,5.84%,"50,987.00","97,39,666.40"
AKJCL,26/10/2025,181.1,185.7,179,183.1,-0.49%,"22,190.00","40,70,023.70"
AKJCL,19/10/2025,184,187.9,184,184,0.33%,"25,767.00","47,71,159.00"
AKJCL,16/10/2025,186.9,186.9,183,183.4,-0.81%,"48,520.00","89,47,280.50"
AKJCL,15/10/2025,187,188.9,184,184.9,-1.23%,"40,467.00","75,01,460.80"
AKJCL,14/10/2025,188,193,187,187.2,-1.47%,"30,342.00","57,21,131.10"
AKJCL,13/10/2025,185,194,185,190,1.60%,"44,632.00","84,26,093.00"
AKJCL,12/10/2025,190,191.5,185,187,-2.86%,"58,952.00","1,10,40,437.30"
AKJCL,09/10/2025,192.7,203,191.1,192.5,1.85%,"66,829.00","1,30,61,004.20"
AKJCL,08/10/2025,194,194,187.5,189,-2.02%,"77,625.00","1,46,87,330.80"
AKJCL,07/10/2025,195,198,191.1,192.9,-1.83%,"48,204.00","92,93,153.00"
AKJCL,28/09/2025,195.1,197,194,196.5,0.77%,"15,210.00","29,82,434.10"
AKJCL,25/09/2025,196,196.9,193,195,-0.15%,"52,609.00","1,02,67,081.70"
AKJCL,24/09/2025,201,201,194,195.3,-2.30%,"51,286.00","1,00,80,098.30"
AKJCL,23/09/2025,192,200,192,199.9,5.04%,"1,11,578.00","2,20,82,117.30"
AKJCL,21/09/2025,173,190.3,172.9,190.3,10.00%,"1,59,569.00","2,95,90,206.70"
AKJCL,18/09/2025,188,188,173,173,-9.58%,"12,385.00","22,32,859.00"
AKJCL,08/09/2025,195.2,197,191.1,191.33,-2.40%,"1,07,453.00","2,07,21,941.10"
AKJCL,07/09/2025,193.2,200.1,193.2,196.04,-0.54%,"36,273.00","71,41,951.80"
AKJCL,04/09/2025,200,200,196,197.11,-0.95%,"96,919.00","1,90,88,123.20"
AKJCL,03/09/2025,200.2,202,198.5,199.01,-0.70%,"70,689.00","1,41,37,502.20"
AKJCL,02/09/2025,204.9,204.9,200.1,200.42,-1.23%,"47,363.00","95,32,992.90"
AKJCL,01/09/2025,200,203.4,200,202.91,0.72%,"36,184.00","73,17,705.80"
AKJCL,31/08/2025,203.1,205.5,201,201.46,-1.28%,"80,087.00","1,62,24,314.20"
AKJCL,28/08/2025,210,210,203.5,204.08,-1.81%,"80,486.00","1,64,95,473.10"
AKJCL,27/08/2025,204,208,202,207.85,2.04%,"66,153.00","1,36,14,772.40"
AKJCL,26/08/2025,201,205.9,201,203.69,-0.16%,"40,922.00","83,39,266.20"
AKJCL,25/08/2025,200.4,207,200.4,204.01,0.11%,"61,146.00","1,24,46,230.30"
AKJCL,24/08/2025,203.5,207,203.5,203.78,-0.65%,"53,345.00","1,08,94,647.40"
AKJCL,21/08/2025,201.1,208,201.1,205.11,-0.01%,"65,229.00","1,33,91,284.00"
AKJCL,20/08/2025,205,207,205,205.13,-0.60%,"85,931.00","1,76,63,854.00"
AKJCL,19/08/2025,208,208.1,206,206.37,0.07%,"64,374.00","1,33,31,813.80"
AKJCL,18/08/2025,205,207.9,205,206.22,-0.01%,"99,015.00","2,04,44,915.70"
AKJCL,17/08/2025,206.3,208.7,206,206.25,-0.46%,"75,642.00","1,56,44,523.90"
AKJCL,14/08/2025,209.7,209.7,206,207.2,0.29%,"98,372.00","2,03,55,253.80"
AKJCL,13/08/2025,208.9,209,206,206.6,-0.55%,"83,007.00","1,72,22,753.50"
AKJCL,12/08/2025,209.5,211,207,207.75,-0.61%,"1,16,097.00","2,41,06,512.30"
AKJCL,11/08/2025,212,215,208.9,209.03,-1.35%,"1,51,537.00","3,19,90,933.80"
AKJCL,07/08/2025,209.1,213.8,209.1,211.89,1.07%,"1,32,711.00","2,81,11,287.90"
AKJCL,06/08/2025,215.5,215.5,209.1,209.65,-0.78%,"1,20,120.00","2,52,79,745.00"
AKJCL,05/08/2025,219,219,210.1,211.3,-1.76%,"1,11,453.00","2,36,81,983.50"
AKJCL,04/08/2025,207.7,218.1,207.7,215.09,1.50%,"1,56,500.00","3,34,41,777.00"
AKJCL,03/08/2025,215,216,211.1,211.92,-1.60%,"2,06,019.00","4,38,50,917.50"
AKJCL,31/07/2025,218,219,215,215.36,-1.13%,"3,08,795.00","6,69,53,923.00"
AKJCL,30/07/2025,219,226,217.5,217.82,-2.23%,"2,95,474.00","6,49,16,827.10"
AKJCL,29/07/2025,228,228,221.1,222.78,-0.76%,"2,62,559.00","5,89,31,908.20"
AKJCL,28/07/2025,223,226,218.1,224.48,1.05%,"3,97,960.00","8,79,83,641.30"
AKJCL,27/07/2025,230,232.9,221,222.15,-2.82%,"7,03,373.00","15,99,18,584.80"
AKJCL,24/07/2025,219.9,233.5,219.9,228.59,1.90%,"4,87,211.00","11,10,09,939.10"
AKJCL,23/07/2025,218,227.5,218,224.33,2.76%,"7,09,719.00","15,86,36,992.70"
AKJCL,22/07/2025,215,220,215,218.31,1.46%,"3,65,860.00","7,96,81,665.90"
AKJCL,21/07/2025,216,217.6,212.5,215.16,0.47%,"2,80,927.00","6,03,59,191.10"
AKJCL,20/07/2025,220,223,213,214.16,-1.13%,"5,26,184.00","11,51,30,521.60"
AKJCL,17/07/2025,210,218.7,208.2,216.61,4.04%,"4,79,214.00","10,28,44,003.70"
AKJCL,16/07/2025,212.6,212.6,206.1,208.2,-0.15%,"1,36,500.00","2,84,83,247.60"
AKJCL,15/07/2025,203,209.5,203,208.52,0.68%,"1,53,945.00","3,19,28,785.90"
AKJCL,14/07/2025,211,211,206.7,207.12,-0.47%,"1,11,586.00","2,31,49,682.30"
AKJCL,13/07/2025,210.9,214.9,207.9,208.09,0.60%,"1,55,264.00","3,24,93,152.70"
AKJCL,10/07/2025,210,211.4,206.4,206.84,-0.72%,"1,66,632.00","3,45,85,819.20"
AKJCL,09/07/2025,209.9,209.9,207,208.34,0.21%,"76,642.00","1,59,67,078.50"
AKJCL,08/07/2025,207,208.8,203.1,207.91,0.93%,"97,191.00","2,00,46,501.70"
AKJCL,07/07/2025,204.1,212,204.1,205.99,-1.08%,"1,22,098.00","2,52,51,040.40"
AKJCL,06/07/2025,210,211.9,208,208.24,-0.57%,"1,33,030.00","2,78,01,311.20"
AKJCL,03/07/2025,211.9,212.1,208,209.44,-0.56%,"2,02,803.00","4,25,36,893.10"
AKJCL,02/07/2025,215.7,215.7,209,210.63,-0.43%,"1,86,417.00","3,93,58,609.20"
AKJCL,01/07/2025,214,214,208,211.53,0.44%,"1,37,723.00","2,90,59,739.50"
AKJCL,30/06/2025,205.7,215.3,205.7,210.61,0.38%,"1,43,697.00","3,03,96,078.10"
AKJCL,29/06/2025,210,212,208.8,209.82,-0.53%,"1,20,043.00","2,51,72,609.10"
AKJCL,26/06/2025,214.6,215,209.6,210.93,-0.02%,"2,06,445.00","4,37,25,218.50"
AKJCL,25/06/2025,215,215,208.6,210.97,-0.14%,"96,883.00","2,03,93,814.80"
AKJCL,24/06/2025,213,217,210.7,211.26,0.66%,"1,80,434.00","3,84,90,550.20"
AKJCL,23/06/2025,210.5,213.8,208.4,209.88,-0.59%,"1,60,563.00","3,37,31,197.60"
AKJCL,22/06/2025,222.4,222.4,210.3,211.13,-3.18%,"3,07,980.00","6,61,93,409.20"
AKJCL,19/06/2025,213.2,222,211,218.06,3.23%,"10,69,499.00","23,36,03,749.50"
AKJCL,18/06/2025,210,213.5,210,211.23,0.72%,"1,23,710.00","2,61,97,602.50"
AKJCL,17/06/2025,213,214,208.7,209.72,-1.06%,"93,693.00","1,96,92,333.00"
AKJCL,16/06/2025,215,218,211.4,211.96,-0.74%,"4,37,254.00","9,43,54,186.40"
AKJCL,15/06/2025,209,215,208,213.55,2.57%,"3,43,832.00","7,26,62,197.90"
AKJCL,12/06/2025,213,213,208,208.2,-0.72%,"2,38,877.00","5,02,99,508.10"
AKJCL,11/06/2025,210,211,206,209.7,0.22%,"1,47,936.00","3,08,50,932.10"
AKJCL,10/06/2025,209,211.3,208.1,209.24,0.87%,"2,21,707.00","4,65,65,555.40"
AKJCL,09/06/2025,206.5,208.5,204.5,207.43,1.16%,"1,08,637.00","2,24,83,916.40"
AKJCL,08/06/2025,209,209,204.9,205.05,-0.29%,"1,06,941.00","2,19,90,275.40"
AKJCL,05/06/2025,206.9,207,204,205.65,0.15%,"99,349.00","2,04,21,294.10"
AKJCL,04/06/2025,208,208,204,205.34,-0.31%,"1,19,677.00","2,45,47,353.00"
AKJCL,03/06/2025,210,210,205.1,205.97,-0.79%,"74,767.00","1,54,14,543.70"
AKJCL,02/06/2025,210,212.3,207,207.6,-0.30%,"1,17,366.00","2,45,92,565.30"
AKJCL,28/05/2025,202.5,210,202.5,208.23,0.79%,"1,34,788.00","2,79,93,230.30"
AKJCL,27/05/2025,206.2,207.9,204.1,206.6,-0.27%,"95,713.00","1,97,51,241.70"
AKJCL,26/05/2025,211.5,212.9,206.3,207.15,-0.15%,"1,29,956.00","2,72,19,721.50"
AKJCL,25/05/2025,202.1,209,202.1,207.47,0.64%,"1,02,803.00","2,12,76,231.40"
AKJCL,22/05/2025,204,211,204,206.15,-0.86%,"1,97,824.00","4,09,48,536.20"
AKJCL,21/05/2025,215.8,220,207,207.94,-1.74%,"2,19,126.00","4,66,10,700.20"
AKJCL,20/05/2025,207.8,212.8,204.9,211.63,2.35%,"1,31,647.00","2,75,65,248.20"
AKJCL,19/05/2025,201.3,208,201.3,206.78,0.70%,"94,361.00","1,95,20,806.30"
AKJCL,18/05/2025,209.5,209.5,205,205.35,-0.05%,"97,802.00","2,01,62,351.70"
AKJCL,15/05/2025,202.5,208,202.5,205.45,-0.55%,"1,85,187.00","3,80,68,347.20"
AKJCL,14/05/2025,205.7,214,205.7,206.59,-1.56%,"1,68,194.00","3,50,19,312.60"
AKJCL,13/05/2025,209.4,217.5,209.1,209.86,-1.76%,"1,88,358.00","3,98,78,125.30"
AKJCL,11/05/2025,220,223,212.8,213.63,-2.54%,"2,73,578.00","5,93,60,280.70"
AKJCL,08/05/2025,211.7,224.5,211.7,219.19,1.50%,"6,59,944.00","14,47,54,962.60"
AKJCL,07/05/2025,214,219.1,211,215.95,2.87%,"5,97,244.00","12,94,17,654.80"
AKJCL,06/05/2025,208,211,208,209.92,0.99%,"1,62,749.00","3,41,45,139.70"
AKJCL,05/05/2025,212,213,207.1,207.86,-1.53%,"1,29,477.00","2,70,60,934.00"
AKJCL,04/05/2025,206.1,217,206.1,211.08,0.41%,"2,99,558.00","6,37,54,382.10"
AKJCL,30/04/2025,206.2,212.8,205.6,210.21,2.02%,"2,41,252.00","5,06,33,989.30"
AKJCL,29/04/2025,207,209,206,206.05,-0.40%,"1,11,895.00","2,31,68,476.10"
AKJCL,28/04/2025,209.7,215.9,205.6,206.88,0.59%,"3,25,469.00","6,86,03,569.70"
AKJCL,27/04/2025,206.9,209,204.3,205.67,0.69%,"1,47,945.00","3,06,02,467.80"
AKJCL,24/04/2025,200,206,200,204.27,0.12%,"1,55,166.00","3,16,40,120.80"
AKJCL,23/04/2025,203.4,210,203,204.02,-1.62%,"88,794.00","1,81,99,397.70"
AKJCL,22/04/2025,211,214,207,207.39,-1.59%,"1,08,809.00","2,28,36,568.50"
AKJCL,21/04/2025,208.1,216,205.6,210.74,2.24%,"2,81,361.00","5,93,70,471.90"
AKJCL,20/04/2025,212,213,205.5,206.12,-1.79%,"1,39,315.00","2,89,45,896.00"
AKJCL,17/04/2025,210,211.1,207,209.87,1.05%,"2,48,800.00","5,21,67,384.00"
AKJCL,16/04/2025,204,211,202,207.68,2.12%,"1,79,387.00","3,69,99,243.70"
AKJCL,15/04/2025,201.2,205.9,201,203.37,1.77%,"1,09,758.00","2,23,78,785.20"
AKJCL,13/04/2025,203,203.8,199,199.83,-0.97%,"76,878.00","1,54,14,719.00"
AKJCL,10/04/2025,201,204,200,201.78,-0.03%,"85,211.00","1,71,62,164.20"
AKJCL,09/04/2025,204,205,200.3,201.84,-0.19%,"45,674.00","92,48,770.80"
AKJCL,08/04/2025,203.4,203.4,198.1,202.23,0.37%,"1,12,432.00","2,25,06,612.30"
AKJCL,07/04/2025,205,205,201,201.48,-0.83%,"83,255.00","1,68,54,617.70"
AKJCL,03/04/2025,204,207,203,203.16,-0.76%,"1,09,881.00","2,24,96,682.20"
AKJCL,02/04/2025,206,207,202.4,204.72,-0.20%,"69,728.00","1,42,66,509.80"
AKJCL,01/04/2025,209,210,203.1,205.12,-0.92%,"1,08,263.00","2,22,10,382.30"
AKJCL,30/03/2025,203,209.8,202,207.03,1.45%,"1,83,593.00","3,80,93,086.70"
AKJCL,27/03/2025,203,204.6,200.2,204.07,1.25%,"1,30,032.00","2,64,25,497.00"
AKJCL,26/03/2025,195.6,203,195.6,201.55,1.03%,"1,14,124.00","2,29,56,947.90"
AKJCL,25/03/2025,200.1,203,199,199.49,-2.28%,"1,55,446.00","3,11,11,028.70"
AKJCL,24/03/2025,196.8,205.9,196.8,204.15,1.67%,"1,44,996.00","2,94,83,728.50"
AKJCL,23/03/2025,208.4,208.4,200.1,200.79,-1.73%,"1,87,625.00","3,78,56,656.50"
AKJCL,20/03/2025,207,207,203.2,204.33,-0.81%,"1,30,037.00","2,65,85,135.80"
AKJCL,19/03/2025,210,210,205,206,-1.20%,"1,24,643.00","2,57,68,573.20"
AKJCL,18/03/2025,207,211.5,206.5,208.5,0.43%,"1,29,222.00","2,69,27,057.30"
AKJCL,17/03/2025,207.8,211.1,206,207.6,-0.10%,"1,72,370.00","3,59,97,312.30"
AKJCL,16/03/2025,212,213,205.3,207.8,-1.05%,"1,62,900.00","3,38,44,117.50"
AKJCL,12/03/2025,203.8,212,203.8,210,1.01%,"1,76,221.00","3,69,43,668.80"
AKJCL,11/03/2025,214,216,207.1,207.9,-2.85%,"2,31,008.00","4,84,69,688.50"
AKJCL,10/03/2025,214.6,218.4,210.9,214,-0.19%,"2,49,996.00","5,35,17,680.80"
AKJCL,09/03/2025,226.3,226.3,214,214.4,-3.38%,"3,28,350.00","7,12,56,563.50"
AKJCL,06/03/2025,220.4,226.4,220.4,221.9,-1.29%,"2,22,256.00","4,93,95,711.30"
AKJCL,05/03/2025,227.3,229.5,222,224.8,0.85%,"6,50,953.00","14,67,40,708.60"
AKJCL,04/03/2025,212.2,231,212.2,222.9,2.96%,"9,25,906.00","20,85,61,387.70"
AKJCL,03/03/2025,225,227.8,216,216.5,-3.43%,"4,58,986.00","10,17,74,525.60"
AKJCL,02/03/2025,220,225,217.6,224.2,2.89%,"6,17,029.00","13,67,41,788.70"
AKJCL,27/02/2025,199.9,218.9,199.9,217.9,7.18%,"6,82,497.00","14,52,25,693.20"
AKJCL,25/02/2025,204,206.4,203.1,203.3,-0.83%,"1,12,464.00","2,30,22,638.40"
AKJCL,24/02/2025,198.5,207,198.5,205,1.23%,"1,81,109.00","3,71,31,058.00"
AKJCL,23/02/2025,200,204,199,202.5,-0.20%,"1,64,757.00","3,32,77,744.50"
AKJCL,20/02/2025,200.9,206.4,200.9,202.9,-1.02%,"1,24,030.00","2,52,16,571.70"
AKJCL,18/02/2025,202.1,210,202.1,205,-0.58%,"1,41,710.00","2,91,78,050.40"
AKJCL,17/02/2025,206,209.9,206,206.2,-0.39%,"2,56,256.00","5,33,00,496.40"
AKJCL,16/02/2025,209.1,209.1,202,207,0.98%,"1,98,236.00","4,09,31,894.20"
AKJCL,13/02/2025,199.7,207,199.7,205,0.69%,"1,50,802.00","3,07,54,484.00"
AKJCL,12/02/2025,201.1,206.7,201.1,203.6,-0.63%,"1,05,446.00","2,15,67,334.30"
AKJCL,11/02/2025,210,210,203,204.9,-0.53%,"91,585.00","1,87,20,040.20"
AKJCL,10/02/2025,212,212,203.3,206,-0.96%,"1,42,581.00","2,92,22,456.60"
AKJCL,09/02/2025,204,211.6,204,208,2.41%,"3,64,159.00","7,57,39,052.10"
AKJCL,06/02/2025,203.9,207.5,203,203.1,-0.93%,"1,64,878.00","3,37,86,052.20"
AKJCL,05/02/2025,204,207.8,203,205,0.59%,"2,41,992.00","4,98,04,691.60"
AKJCL,04/02/2025,209.4,209.4,201.9,203.8,-0.73%,"2,35,121.00","4,78,36,092.00"
AKJCL,03/02/2025,209,211,205.1,205.3,0.15%,"2,54,645.00","5,28,41,362.10"
AKJCL,02/02/2025,200.8,207.8,200.8,205,4.06%,"3,40,429.00","6,98,91,813.10"
AKJCL,28/01/2025,196,198,195,197,1.03%,"1,23,350.00","2,42,33,008.10"
AKJCL,27/01/2025,198.1,199,194.2,195,-1.02%,"1,49,756.00","2,93,87,818.50"
AKJCL,26/01/2025,196,200.9,196,197,0.51%,"98,720.00","1,95,23,660.90"
AKJCL,23/01/2025,203.4,203.4,196,196,-1.75%,"1,03,499.00","2,05,66,886.70"
AKJCL,22/01/2025,197,202,195,199.5,2.57%,"1,65,835.00","3,30,61,694.20"
AKJCL,21/01/2025,197,198.6,194.3,194.5,-1.02%,"86,047.00","1,69,08,521.30"
AKJCL,20/01/2025,197,199,196.5,196.5,-0.25%,"99,894.00","1,97,49,510.20"
AKJCL,19/01/2025,192.2,197.9,192.2,197,1.29%,"89,771.00","1,75,65,851.00"
AKJCL,16/01/2025,195,197.9,194,194.5,-0.26%,"1,06,960.00","2,08,55,018.50"
AKJCL,15/01/2025,199,199,195,195,-0.76%,"80,172.00","1,57,66,800.30"
AKJCL,13/01/2025,200,200,196.2,196.5,-1.26%,"91,436.00","1,80,55,876.40"
AKJCL,12/01/2025,204,204,197.5,199,-1.00%,"82,392.00","1,63,82,644.00"
AKJCL,09/01/2025,201.7,204,199.2,201,-0.74%,"1,50,227.00","3,01,96,444.00"
AKJCL,08/01/2025,207,207,202,202.5,-0.25%,"1,06,640.00","2,16,42,330.50"
AKJCL,07/01/2025,204,207.7,202,203,-0.49%,"1,55,370.00","3,17,52,776.70"
AKJCL,06/01/2025,199,205,195.3,204,4.35%,"2,23,201.00","4,50,20,134.50"
AKJCL,05/01/2025,198.2,198.2,192.3,195.5,0.57%,"71,237.00","1,38,56,454.50"
AKJCL,02/01/2025,195,195.4,192.5,194.4,0.21%,"87,500.00","1,69,53,369.70"
AKJCL,01/01/2025,194,195.8,192,194,0.00%,"81,368.00","1,57,64,552.90"
,,,,,,,,
,,,,,,,,
,,,,,,,,
HURJA,01/02/2026,249,261,245.4,257,3.63%,"4,76,144.00","12,19,63,657.00"
HURJA,29/01/2026,239.9,256.4,234.8,248,4.64%,"5,96,962.00","14,88,80,274.60"
HURJA,28/01/2026,232,238.8,230.6,237,1.20%,"1,00,584.00","2,35,61,229.70"
HURJA,27/01/2026,247.1,247.1,233.5,234.2,-3.58%,"1,77,624.00","4,23,19,351.30"
HURJA,26/01/2026,247.1,247.5,239,242.9,-1.26%,"2,55,299.00","6,17,44,346.00"
HURJA,25/01/2026,241.9,247.7,239,246,3.58%,"2,12,365.00","5,17,98,135.30"
HURJA,22/01/2026,232,237.6,228.6,237.5,3.31%,"1,99,696.00","4,68,49,590.10"
HURJA,21/01/2026,233,234.9,228.7,229.9,-0.69%,"98,683.00","2,28,26,752.40"
HURJA,20/01/2026,230,233,226.1,231.5,2.52%,"1,29,625.00","2,98,57,660.00"
HURJA,18/01/2026,224.2,228,221.5,225.8,1.71%,"63,070.00","1,42,18,893.80"
HURJA,14/01/2026,224,224,220.7,222,0.41%,"53,330.00","1,18,13,526.40"
HURJA,13/01/2026,224,224.1,219.1,221.1,-0.85%,"46,908.00","1,03,95,103.20"
HURJA,12/01/2026,221.1,224.6,221.1,223,-0.22%,"18,840.00","41,83,806.10"
HURJA,08/01/2026,220,224,219.7,223.5,1.13%,"91,038.00","2,02,02,470.90"
HURJA,07/01/2026,227,227,220.2,221,-0.81%,"33,621.00","74,35,199.30"
HURJA,06/01/2026,220,224.6,220,222.8,-0.09%,"48,330.00","1,07,38,795.90"
HURJA,05/01/2026,221,223,218.3,223,1.41%,"37,302.00","82,36,960.00"
HURJA,04/01/2026,220,221.9,218.7,219.9,-0.54%,"29,391.00","64,55,176.80"
HURJA,01/01/2026,227.9,227.9,221.1,221.1,-1.51%,"21,852.00","48,72,045.30"
HURJA,31/12/2025,226.9,229.9,224,224.5,0.22%,"53,497.00","1,21,23,361.30"
HURJA,29/12/2025,224.6,227,220.2,224,-0.80%,"43,596.00","97,83,096.40"
HURJA,28/12/2025,222.9,225.8,221,225.8,2.78%,"50,244.00","1,12,13,735.20"
HURJA,24/12/2025,216.3,220.9,216.2,219.7,0.78%,"16,640.00","36,35,355.70"
HURJA,23/12/2025,218,218,215,218,0.00%,"25,739.00","55,56,949.80"
HURJA,22/12/2025,219,220,216,218,-0.46%,"32,430.00","70,38,902.50"
HURJA,21/12/2025,222,222,218.1,219,-1.35%,"34,050.00","74,79,526.60"
HURJA,18/12/2025,226,227,222,222,-1.20%,"36,719.00","82,53,141.30"
HURJA,17/12/2025,223,225.9,223,224.7,1.22%,"36,445.00","81,77,136.10"
HURJA,16/12/2025,222,223,220.5,222,0.45%,"30,714.00","67,99,467.40"
HURJA,15/12/2025,218.6,221.5,218.5,221,0.00%,"22,220.00","48,92,435.70"
HURJA,14/12/2025,222,223,219.2,221,-0.45%,"30,873.00","68,03,035.40"
HURJA,11/12/2025,222,222.9,221,222,-0.22%,"23,487.00","52,06,449.20"
HURJA,10/12/2025,222.1,223.8,220.8,222.5,-0.13%,"14,083.00","31,25,021.20"
HURJA,09/12/2025,219.4,225,219.3,222.8,0.36%,"58,406.00","1,29,22,257.20"
HURJA,08/12/2025,227.9,227.9,220.2,222,-0.89%,"19,145.00","42,45,706.30"
HURJA,07/12/2025,230.7,230.7,222.4,224,-0.97%,"31,479.00","70,59,509.30"
HURJA,03/12/2025,223.1,231.5,223.1,226.2,-0.57%,"24,060.00","54,51,368.20"
HURJA,02/12/2025,231.5,231.5,226.5,227.5,0.18%,"27,514.00","62,50,903.00"
HURJA,01/12/2025,230,231.7,226.6,227.1,-0.26%,"33,459.00","76,48,405.00"
HURJA,30/11/2025,230,235,227.1,227.7,-1.73%,"1,20,657.00","2,78,16,723.90"
HURJA,27/11/2025,230.1,232.5,230,231.7,0.35%,"64,456.00","1,48,97,594.60"
HURJA,26/11/2025,239.3,239.3,230.5,230.9,-1.62%,"1,09,746.00","2,54,84,217.60"
HURJA,25/11/2025,236,236,230.3,234.7,0.73%,"60,653.00","1,40,68,365.40"
HURJA,24/11/2025,234.9,237,230.3,233,1.17%,"1,06,480.00","2,48,55,039.40"
HURJA,23/11/2025,226,233.4,221.5,230.3,3.51%,"1,44,227.00","3,32,12,103.40"
HURJA,20/11/2025,222,228,220.2,222.5,-0.67%,"49,941.00","1,11,82,688.80"
HURJA,19/11/2025,230,230,223.8,224,-1.41%,"34,319.00","77,27,664.50"
HURJA,18/11/2025,225.5,229.5,225.3,227.2,1.34%,"1,39,208.00","3,15,63,677.40"
HURJA,17/11/2025,223.5,225.5,218.3,224.2,0.76%,"42,267.00","94,60,471.10"
HURJA,16/11/2025,224.4,224.4,217,222.5,1.14%,"28,597.00","62,94,794.50"
HURJA,13/11/2025,225.8,225.8,218.6,220,-0.90%,"38,886.00","85,96,803.20"
HURJA,12/11/2025,227.1,227.1,218.9,222,-0.31%,"35,376.00","78,22,606.70"
HURJA,11/11/2025,222,224,218,222.7,1.23%,"28,445.00","62,68,352.20"
HURJA,10/11/2025,222,222,217,220,0.00%,"25,181.00","55,19,267.50"
HURJA,09/11/2025,220,224.4,220,220,-1.57%,"41,489.00","91,65,571.00"
HURJA,06/11/2025,226,230.5,223,223.5,-1.97%,"60,058.00","1,36,10,459.60"
HURJA,05/11/2025,222.6,229,221,228,0.44%,"72,801.00","1,63,68,955.10"
HURJA,04/11/2025,235.6,235.6,223,227,-1.73%,"73,461.00","1,67,37,851.70"
HURJA,03/11/2025,232.3,239.9,230.3,231,-2.53%,"1,17,836.00","2,76,07,854.70"
HURJA,02/11/2025,220,239.8,220,237,5.90%,"1,91,320.00","4,48,93,077.00"
HURJA,30/10/2025,220.3,224,214.2,223.8,3.61%,"62,806.00","1,38,67,215.10"
HURJA,29/10/2025,220,221.3,213,216,-0.46%,"1,06,999.00","2,33,65,193.50"
HURJA,28/10/2025,208,218.8,208,217,3.83%,"35,989.00","77,62,644.00"
HURJA,26/10/2025,208.7,209,204.6,209,0.14%,"24,783.00","51,07,696.50"
HURJA,19/10/2025,209.8,209.8,205.8,208.7,1.31%,"15,244.00","31,71,572.30"
HURJA,16/10/2025,211,211.5,205,206,-2.14%,"74,855.00","1,55,32,605.30"
HURJA,15/10/2025,211,214.9,210.5,210.5,-1.41%,"25,233.00","53,50,906.50"
HURJA,14/10/2025,217.5,217.5,213,213.5,-1.84%,"31,014.00","66,41,400.80"
HURJA,13/10/2025,213,219,213,217.5,2.11%,"39,970.00","86,26,149.40"
HURJA,12/10/2025,217,219,212,213,-3.18%,"66,128.00","1,41,86,183.70"
HURJA,09/10/2025,219.8,233,219.4,220,2.09%,"46,142.00","1,02,83,677.10"
HURJA,08/10/2025,224,224,214,215.5,-3.32%,"69,271.00","1,50,04,119.20"
HURJA,07/10/2025,226.1,228,220.1,222.9,-3.17%,"41,341.00","92,08,729.70"
HURJA,28/09/2025,228.9,233.4,227.2,230.2,1.41%,"15,696.00","36,08,475.30"
HURJA,25/09/2025,223.4,228.8,223.4,227,0.62%,"18,227.00","41,36,020.00"
HURJA,24/09/2025,235,235,225.4,225.6,-3.51%,"40,715.00","92,91,079.70"
HURJA,23/09/2025,229,234,226,233.8,3.05%,"58,360.00","1,35,00,816.40"
HURJA,21/09/2025,206,227.7,206,226.87,8.03%,"1,08,067.00","2,38,95,380.30"
HURJA,18/09/2025,217.6,219.8,207,210,-5.40%,"5,403.00","11,59,813.80"
HURJA,08/09/2025,226,228,221.1,221.99,-1.60%,"62,290.00","1,39,26,649.40"
HURJA,07/09/2025,224.6,230.5,224.6,225.6,-1.53%,"50,208.00","1,13,69,693.80"
HURJA,04/09/2025,225.7,232.5,222.9,229.1,-0.52%,"79,459.00","1,80,13,676.00"
HURJA,03/09/2025,225.8,234.6,225.8,230.29,-0.01%,"50,750.00","1,17,24,513.60"
HURJA,02/09/2025,228.9,237.9,228.9,230.31,-1.36%,"41,621.00","96,18,237.30"
HURJA,01/09/2025,238.4,238.4,230,233.49,-0.12%,"22,503.00","52,44,726.40"
HURJA,31/08/2025,242.5,242.5,233.5,233.78,-1.68%,"40,411.00","95,01,498.60"
HURJA,28/08/2025,243,244,237,237.78,-1.48%,"61,625.00","1,47,84,968.10"
HURJA,27/08/2025,230.1,242,230.1,241.35,2.79%,"48,699.00","1,17,07,722.60"
HURJA,26/08/2025,239.8,239.8,234.2,234.79,-0.31%,"18,095.00","42,65,193.60"
HURJA,25/08/2025,235.9,237.7,233.4,235.51,0.50%,"53,409.00","1,25,58,146.80"
HURJA,24/08/2025,237,239.9,233.1,234.34,-0.77%,"51,817.00","1,21,89,201.60"
HURJA,21/08/2025,234.1,241.4,234.1,236.17,-1.13%,"48,911.00","1,16,31,637.90"
HURJA,20/08/2025,243,243,238,238.87,-0.28%,"33,862.00","81,00,655.50"
HURJA,19/08/2025,242.3,246.9,235.1,239.55,0.82%,"36,770.00","88,49,587.50"
HURJA,18/08/2025,233.3,242.6,233.3,237.59,-0.16%,"1,08,452.00","2,58,65,998.10"
HURJA,17/08/2025,234.1,243,234.1,237.97,-0.37%,"43,559.00","1,04,22,413.50"
HURJA,14/08/2025,243.9,243.9,238,238.86,-0.40%,"78,653.00","1,88,43,182.20"
HURJA,13/08/2025,237.5,246,237.5,239.82,-1.02%,"99,229.00","2,39,20,002.10"
HURJA,12/08/2025,250.4,250.4,242,242.3,-1.31%,"99,332.00","2,41,69,335.40"
HURJA,11/08/2025,250,254,245,245.52,-2.07%,"78,422.00","1,94,03,231.50"
HURJA,07/08/2025,242.4,253,242.4,250.7,1.39%,"96,856.00","2,42,36,273.50"
HURJA,06/08/2025,242.8,251,242.8,247.26,-0.16%,"64,416.00","1,59,78,639.20"
HURJA,05/08/2025,254,254,247.1,247.66,-1.42%,"94,055.00","2,33,99,135.80"
HURJA,04/08/2025,254,254,248.6,251.23,-0.03%,"1,25,568.00","3,14,88,045.30"
HURJA,03/08/2025,249.2,256.4,249.2,251.31,-1.16%,"1,58,974.00","4,01,30,756.50"
HURJA,31/07/2025,256,260,253,254.25,-1.20%,"1,38,100.00","3,54,80,887.20"
HURJA,30/07/2025,265,265,256,257.35,-2.39%,"1,58,430.00","4,11,68,020.40"
HURJA,29/07/2025,269,270,262.6,263.64,-0.18%,"1,87,497.00","4,98,23,297.10"
HURJA,28/07/2025,264.9,265,260.3,264.11,-0.19%,"1,89,108.00","4,96,42,953.50"
HURJA,27/07/2025,274,275.4,263.1,264.6,-1.77%,"4,12,978.00","11,17,44,496.60"
HURJA,24/07/2025,269,274,267.2,269.37,0.29%,"3,33,661.00","9,01,77,552.70"
HURJA,23/07/2025,267.8,275,260,268.59,2.30%,"4,03,931.00","10,85,67,186.10"
HURJA,22/07/2025,260,264.3,257.2,262.55,1.75%,"2,44,543.00","6,38,05,287.50"
HURJA,21/07/2025,256,259.7,254,258.03,0.14%,"1,39,380.00","3,57,90,371.70"
HURJA,20/07/2025,263.6,266.4,256.8,257.67,-1.05%,"2,82,100.00","7,41,71,358.90"
HURJA,17/07/2025,254.5,263,250.1,260.41,3.78%,"2,76,140.00","7,13,94,073.50"
HURJA,16/07/2025,253,254,250,250.92,-0.24%,"1,58,034.00","3,97,53,586.40"
HURJA,15/07/2025,252,253.4,247.5,251.52,1.44%,"1,20,612.00","3,02,23,824.40"
HURJA,14/07/2025,254,254,247,247.96,-0.43%,"99,100.00","2,46,81,716.10"
HURJA,13/07/2025,252.4,260,249,249.02,0.60%,"1,05,766.00","2,66,43,454.10"
HURJA,10/07/2025,251.3,254,247,247.53,-1.15%,"1,57,315.00","3,91,84,036.80"
HURJA,09/07/2025,246.5,255,246.5,250.41,0.14%,"84,244.00","2,11,52,517.60"
HURJA,08/07/2025,254,254,247,250.05,0.22%,"91,884.00","2,29,18,421.10"
HURJA,07/07/2025,249.6,253.8,248,249.51,-0.91%,"1,27,441.00","3,18,59,858.10"
HURJA,06/07/2025,252,254,250.4,251.8,-0.43%,"1,51,655.00","3,82,38,684.30"
HURJA,03/07/2025,257,257,252,252.9,-0.59%,"1,85,220.00","4,68,88,191.20"
HURJA,02/07/2025,255,260,254,254.39,-0.76%,"1,54,281.00","3,94,62,595.40"
HURJA,01/07/2025,248.3,257.8,248.3,256.34,1.18%,"1,50,501.00","3,83,70,206.90"
HURJA,30/06/2025,257,262,252.6,253.35,-0.32%,"1,64,123.00","4,19,18,793.30"
HURJA,29/06/2025,258.4,258.4,252,254.17,0.29%,"1,06,296.00","2,69,59,700.00"
HURJA,26/06/2025,255,262,253,253.43,-0.29%,"2,26,320.00","5,80,89,049.40"
HURJA,25/06/2025,257,257,250,254.17,0.36%,"1,76,852.00","4,47,03,563.40"
HURJA,24/06/2025,259.8,263,253,253.27,-0.64%,"1,84,761.00","4,73,98,997.70"
HURJA,23/06/2025,253.3,262.1,250,254.89,-0.94%,"2,41,963.00","6,18,62,260.80"
HURJA,22/06/2025,270,270,256.7,257.32,-5.33%,"3,43,615.00","8,96,24,243.30"
HURJA,19/06/2025,274,281.9,270,271.8,1.08%,"10,74,351.00","29,75,84,308.70"
HURJA,18/06/2025,266,270,262,268.9,2.66%,"3,67,476.00","9,80,90,636.00"
HURJA,17/06/2025,271,274,260.1,261.92,-1.57%,"2,27,243.00","6,01,41,500.70"
HURJA,16/06/2025,260.2,275,258,266.1,4.29%,"10,63,942.00","28,58,82,540.80"
HURJA,15/06/2025,260,263,253,255.16,-1.79%,"2,45,743.00","6,29,32,864.00"
HURJA,12/06/2025,264,269,257,259.8,0.10%,"4,45,273.00","11,75,93,940.20"
HURJA,11/06/2025,266,266,255.5,259.55,-0.55%,"1,69,627.00","4,39,97,490.60"
HURJA,10/06/2025,257.2,265.3,255.2,260.98,1.79%,"3,33,227.00","8,72,72,723.50"
HURJA,09/06/2025,257,260,253.9,256.4,0.83%,"2,38,988.00","6,15,78,009.80"
HURJA,08/06/2025,250,256,246.3,254.3,2.07%,"2,15,574.00","5,46,13,244.50"
HURJA,05/06/2025,250,250,244,249.15,1.42%,"1,42,561.00","3,52,22,245.00"
HURJA,04/06/2025,245,248,244.5,245.66,-0.18%,"70,589.00","1,73,55,077.20"
HURJA,03/06/2025,244.6,253.8,244.6,246.11,-1.36%,"96,483.00","2,38,09,382.80"
HURJA,02/06/2025,258,262.9,248.1,249.51,-1.39%,"1,45,177.00","3,66,11,394.20"
HURJA,28/05/2025,249.5,258,244.9,253.03,2.68%,"2,08,383.00","5,24,93,892.00"
HURJA,27/05/2025,245,250,242.1,246.42,-0.36%,"1,66,290.00","4,08,72,316.80"
HURJA,26/05/2025,254.7,259,246,247.32,-0.97%,"1,89,484.00","4,73,54,429.10"
HURJA,25/05/2025,255,255,248,249.73,-0.29%,"75,134.00","1,87,84,886.20"
HURJA,22/05/2025,259,259,250,250.46,-1.96%,"2,15,798.00","5,45,76,229.00"
HURJA,21/05/2025,265.7,271,254,255.48,-1.93%,"2,73,232.00","7,12,99,126.00"
HURJA,20/05/2025,250,263.9,248,260.52,3.86%,"2,00,922.00","5,13,75,362.70"
HURJA,19/05/2025,254.3,255.1,250,250.84,0.45%,"1,45,337.00","3,66,44,384.00"
HURJA,18/05/2025,255,259.5,247,249.71,-2.22%,"2,48,621.00","6,29,53,951.20"
HURJA,15/05/2025,253.1,259.9,253,255.37,-0.91%,"2,25,606.00","5,77,45,152.00"
HURJA,14/05/2025,269,269,257,257.72,-2.47%,"2,83,373.00","7,43,56,256.90"
HURJA,13/05/2025,280,280,263,264.26,-4.00%,"4,69,558.00","12,57,30,261.10"
HURJA,11/05/2025,276.9,283.4,274,275.27,1.37%,"7,83,352.00","21,82,89,709.50"
HURJA,08/05/2025,267.8,279,258,271.56,3.13%,"9,36,912.00","25,56,52,941.30"
HURJA,07/05/2025,264.9,268,260.1,263.31,0.79%,"4,49,443.00","11,87,06,774.10"
HURJA,06/05/2025,256,264.1,251,261.25,3.79%,"3,27,670.00","8,49,33,544.50"
HURJA,05/05/2025,265.8,265.8,250,251.7,-3.43%,"2,28,137.00","5,78,50,392.80"
HURJA,04/05/2025,266.1,269.5,259.2,260.63,-0.10%,"5,19,836.00","13,74,59,894.80"
HURJA,30/04/2025,242.7,264.9,242.7,260.89,5.36%,"6,22,571.00","16,10,95,328.20"
HURJA,29/04/2025,255.3,255.3,245.1,247.61,-1.12%,"1,37,464.00","3,44,03,239.30"
HURJA,28/04/2025,248.8,258.9,248.5,250.41,2.19%,"4,47,909.00","11,37,22,200.90"
HURJA,27/04/2025,241,248,240,245.05,1.86%,"1,36,505.00","3,34,83,058.80"
HURJA,24/04/2025,238,244,236,240.58,0.67%,"70,032.00","1,67,42,341.30"
HURJA,23/04/2025,245,247,236,238.97,-2.51%,"78,001.00","1,86,50,728.50"
HURJA,22/04/2025,250,254,245,245.13,-0.87%,"1,59,239.00","3,97,81,797.50"
HURJA,21/04/2025,245,252,240.1,247.28,2.36%,"2,06,088.00","5,10,51,084.60"
HURJA,20/04/2025,247.1,248,240,241.59,-2.73%,"61,928.00","1,50,39,738.60"
HURJA,17/04/2025,250.6,252,246,248.37,1.06%,"2,73,509.00","6,81,50,670.90"
HURJA,16/04/2025,234.1,250,234.1,245.76,2.92%,"1,23,129.00","2,98,29,248.50"
HURJA,15/04/2025,233,241,233,238.79,1.92%,"60,118.00","1,43,77,151.40"
HURJA,13/04/2025,238,238,232.1,234.29,-0.61%,"62,746.00","1,46,70,637.10"
HURJA,10/04/2025,238.9,240.7,233.1,235.73,-0.02%,"77,678.00","1,83,43,838.10"
HURJA,09/04/2025,236.9,238.8,233.5,235.78,0.52%,"32,627.00","76,84,692.10"
HURJA,08/04/2025,234,240,226.7,234.56,-0.40%,"1,78,655.00","4,10,59,613.80"
HURJA,07/04/2025,238,240.9,235,235.5,-2.00%,"63,277.00","1,50,26,623.00"
HURJA,03/04/2025,245,245.5,238.1,240.3,-0.69%,"77,170.00","1,86,31,521.20"
HURJA,02/04/2025,240,245.9,240,241.97,-0.18%,"57,220.00","1,38,91,402.20"
HURJA,01/04/2025,248.9,250,240.2,242.4,-1.19%,"87,082.00","2,12,23,324.00"
HURJA,30/03/2025,236,250,234.3,245.32,3.91%,"1,84,871.00","4,52,52,834.60"
HURJA,27/03/2025,237.4,237.4,233,236.1,1.44%,"94,911.00","2,23,49,585.80"
HURJA,26/03/2025,232,235,227.5,232.75,2.32%,"59,757.00","1,38,66,906.30"
HURJA,25/03/2025,230,233.9,227.1,227.47,-3.04%,"1,21,168.00","2,77,48,143.30"
HURJA,24/03/2025,229,237.9,227,234.61,2.32%,"1,09,888.00","2,56,94,818.10"
HURJA,23/03/2025,243,243,228,229.3,-3.83%,"1,77,445.00","4,10,86,647.70"
HURJA,20/03/2025,244.9,244.9,237.5,238.43,-1.43%,"81,378.00","1,94,43,963.00"
HURJA,19/03/2025,244,247.8,240,241.9,-0.66%,"69,185.00","1,67,37,932.20"
HURJA,18/03/2025,247,250,243.1,243.5,-1.02%,"66,553.00","1,63,24,232.00"
HURJA,17/03/2025,249.8,249.8,243.1,246,0.00%,"1,00,337.00","2,46,09,774.80"
HURJA,16/03/2025,250,253,245.1,246,-1.44%,"1,13,599.00","2,81,06,511.40"
HURJA,12/03/2025,249.9,252,245.5,249.6,1.88%,"1,54,256.00","3,84,01,233.10"
HURJA,11/03/2025,250,251,243,245,-1.80%,"1,58,659.00","3,91,06,810.70"
HURJA,10/03/2025,256.3,256.3,247.3,249.5,-1.11%,"1,46,041.00","3,67,33,319.50"
HURJA,09/03/2025,260,260,252.1,252.3,-2.96%,"1,32,313.00","3,35,84,885.70"
HURJA,06/03/2025,259.9,261,253,260,0.93%,"1,98,622.00","5,12,21,327.60"
HURJA,05/03/2025,258,264.1,255.1,257.6,-0.31%,"1,77,834.00","4,60,76,133.00"
HURJA,04/03/2025,263,268.2,256,258.4,-0.69%,"2,91,280.00","7,64,69,485.10"
HURJA,03/03/2025,269.2,273,260,260.2,-2.91%,"2,52,809.00","6,64,71,619.50"
HURJA,02/03/2025,266,268.8,260.1,268,2.33%,"3,09,970.00","8,20,18,509.60"
HURJA,27/02/2025,254.9,262.8,251,261.9,4.22%,"3,60,274.00","9,31,66,818.30"
HURJA,25/02/2025,251,254,248.9,251.3,0.12%,"1,51,789.00","3,82,17,056.50"
HURJA,24/02/2025,249.9,254.2,246,251,1.78%,"2,30,363.00","5,75,40,335.30"
HURJA,23/02/2025,244.1,251,243,246.6,-0.96%,"1,75,466.00","4,34,43,740.30"
HURJA,20/02/2025,247.9,256,247.9,249,-1.54%,"1,88,310.00","4,69,10,547.40"
HURJA,18/02/2025,248.7,263,248.7,252.9,-0.28%,"2,75,873.00","6,94,91,983.40"
HURJA,17/02/2025,251,259.8,251,253.6,-0.90%,"1,82,779.00","4,68,26,238.80"
HURJA,16/02/2025,250,260,250,255.9,0.31%,"1,71,036.00","4,39,73,260.40"
HURJA,13/02/2025,263,265,255.1,255.1,-1.92%,"1,95,294.00","5,05,81,034.20"
HURJA,12/02/2025,255,266,254.1,260.1,2.04%,"2,64,418.00","6,92,07,983.50"
HURJA,11/02/2025,255,257.9,251,254.9,0.35%,"2,68,719.00","6,83,53,684.60"
HURJA,10/02/2025,265.7,265.7,252,254,-2.50%,"3,35,705.00","8,62,33,252.70"
HURJA,09/02/2025,275.2,275.2,259.9,260.5,-3.48%,"4,46,197.00","11,74,67,303.80"
HURJA,06/02/2025,276,276,268,269.9,-0.26%,"4,65,257.00","12,60,50,371.10"
HURJA,05/02/2025,273,279.8,270,270.6,0.71%,"7,25,007.00","19,91,43,376.10"
HURJA,04/02/2025,253.4,272.8,248.5,268.7,6.25%,"9,73,479.00","25,40,63,134.60"
HURJA,03/02/2025,250.3,258.4,246.3,252.9,-0.16%,"3,97,667.00","10,00,81,151.70"
HURJA,02/02/2025,246.1,254,246.1,253.3,4.97%,"5,05,095.00","12,64,66,992.10"
HURJA,28/01/2025,232,242.5,232,241.3,2.90%,"2,29,415.00","5,48,21,391.00"
HURJA,27/01/2025,238,238,231.1,234.5,0.21%,"1,34,848.00","3,16,58,018.60"
HURJA,26/01/2025,237.7,238.9,231.4,234,-0.43%,"1,31,175.00","3,06,96,295.20"
HURJA,23/01/2025,238,239,234,235,-0.42%,"1,53,273.00","3,62,35,757.80"
HURJA,22/01/2025,232.8,238,230,236,2.65%,"1,88,784.00","4,43,06,266.50"
HURJA,21/01/2025,236.1,236.1,228.1,229.9,-0.69%,"94,577.00","2,18,66,996.90"
HURJA,20/01/2025,231.3,232.8,228,231.5,2.03%,"1,19,722.00","2,75,81,848.30"
HURJA,19/01/2025,231,231,225,226.9,-0.04%,"83,041.00","1,89,02,795.00"
HURJA,16/01/2025,233,233,226,227,-1.26%,"74,636.00","1,69,88,389.70"
HURJA,15/01/2025,229,235.6,227,229.9,0.57%,"88,011.00","2,02,64,331.30"
HURJA,13/01/2025,234,234,227,228.6,-2.31%,"98,787.00","2,26,65,354.10"
HURJA,12/01/2025,236,236.5,231,234,-0.81%,"68,317.00","1,59,51,049.20"
HURJA,09/01/2025,239.7,239.7,230,235.9,0.38%,"2,77,759.00","6,47,70,634.80"
HURJA,08/01/2025,240,240,233,235,-0.42%,"78,658.00","1,84,55,944.70"
HURJA,07/01/2025,240,240,232,236,-0.42%,"1,51,110.00","3,57,50,766.50"
HURJA,06/01/2025,233,237.4,227,237,3.22%,"1,59,855.00","3,74,60,884.50"
HURJA,05/01/2025,220.1,229.6,220.1,229.6,2.50%,"1,15,688.00","2,60,68,771.70"
HURJA,02/01/2025,225,225,221,224,1.08%,"45,049.00","1,00,68,898.20"
HURJA,01/01/2025,222,224,220,221.6,0.32%,"70,895.00","1,56,96,405.00"